:100000000C94E3030C940A440C94DF430C94B44323
:100010000C9489430C945E430C9433430C94084332
:100020000C94DD420C9414040C9414040C941404E9
:100030000C9414040C9414040C9414040C941404E0
:100040000C9414040C9414040C9414040C941404D0
:100050000C9414040C9414040C9414040C94934203
:100060000C9414040C94B9450C9414040C941404CA
:100070000C94FC460C9425470C9414040C94140422
:100080000C9414040C9414040C9414040C94140490
:100090000C9414040C9414040C9414040C949544BF
:1000A0000C9414040C9414040C9414040C94140470
:1000B0000C9414040C9414040C9414040C949046A2
:1000C0000C9414040C9414040C9414040C945F44C5
:1000D0000C9435440C9414040C9414040C941404DF
:1000E0000C9414040C94F3120C94D0410C947133BE
:1000F0000C94CD190C94520F0C94A40D0C94C4269E
:100100000C94263F0C94B53E0C9457140C94D44197
:100110000C94A32C0C9428230C94ED130C94181419
:100120000C94F2130C9495110C948A0A0C940B28DD
:100130000C94D41A0C94A61F0C942F130C945D11DC
:100140000C9459110C94AD0A0C9475140C94C50AB6
:100150000C94C22E0C94F83E0C9410140C9470174E
:100160000C940B0A0C94851F0C94432A0C946B334B
:100170000C9461140C944D140C94A3090C94D84164
:100180000C94D5250C944F2A0C9491270C94201490
:100190000C9467330C949A300C9437270C94841485
:1001A0000C9442260C948F1D0C9408270C94730D0C
:1001B0000C94360F0C94B70A0C94990A0C943414CE
:1001C0000C94080F0C9469330C94D6280C94C40A30
:1001D0000C94BB0A0C94A3470C94BA190C949D413F
:1001E0000C948D3E0C9406310C94091E0C949F0ABD
:1001F0000C946B260C949E250C94FB300C94BE3E04
:100200000C943E040C94EA3E0C94840A0C94272A25
:100210000C942A140C94930D0C9444090C943E14E1
:100220000C94933E0C948B0D0C94C90A0C946B1493
:100230000C9467090C94AA3E0C943A290C94E92575
:100240000C9406140C94271B0C946C2B0C94A01883
:100250000C9442320C94651F0C948C300C94332A0D
:100260000C94830D0C9467280C94AB410C947F1470
:100270000C94170F0C94F1220C9483280C94410FCA
:100280000C9436190C948E0A0C94A30D0C947509D9
:100290000C94FC2A0C94A30A0C94C1300C94F03EEC
:1002A0000C9453090C94CC290C94960A0C949D112F
:1002B0000C944D260C94FF290C94BB250C940B2F09
:1002C0000C942A1D0C94FC130C94A50D0C94E413AF
:1002D0000C94D02D0C94B6410C94CA2F0C940B2680
:1002E0000C941B120C94863E0C94B10A0C94F62CC0
:1002F0000C946A080C946D330C94A13E0C94A21ECD
:100300000C947C310C9456260C944E420C942B3F4A
:100310000C9454040C946F330C949B0D0C94A327F1
:100320000C9465330C94BF0A0C94920A0C94A90A9D
:100330000C94A60D0C94B0280C94382620E28692DA
:100340000020E286980020E286970020E29AA00032
:10035000202074616E3A200020206970436F756E12
:10036000743A200020206970436F756E743A200043
:1003700020207076506B436F756E743A20002020F9
:100380007076506B3A2000202070763A20002020B2
:100390006F75743A2000207365633A200020205462
:1003A000643A200020204B643A2000202054693A0F
:1003B000200020204B693A200020204B703A20007A
:1003C0004D697865645F504900436F68656E436F9F
:1003D0006F6E5F5049004E6F4F76657273686F6F36
:1003E000745F50490044616D7065645F5049005A04
:1003F0004E5F5049004D697865645F504944004341
:100400006F68656E436F6F6E5F504944004E6F4F6B
:1004100076657273686F6F745F5049440044616D14
:100420007065645F504944005A4E5F504944002053
:1004300054756E696E67204D6574686F643A20006C
:1004400020286C6F772073616D706C652072617409
:100450006529002028676F6F642073616D706C657B
:1004600020726174652900205461752F53616D708D
:100470006C6520506572696F643A200020286469B9
:1004800066666963756C7420746F20636F6E747236
:100490006F6C290020286176657261676520636F43
:1004A0006E74726F6C6C6162696C6974792900207A
:1004B000286561737920746F20636F6E74726F6C3E
:1004C0002900205461752F446561642054696D656D
:1004D0003A20202020200020546175205365633A83
:1004E0002020202020202020202020002044656182
:1004F000642054696D65205365633A2020202020D4
:10050000002050726F63657373204761696E3A20F3
:1005100020202020200020507620446966663A2062
:100520002020202020202020202000205076204D38
:10053000696E3A202020202020202020202020002A
:10054000205076204D61783A202020202020202045
:1005500020202020002050762053746172743A20AD
:1005600020202020202020202000204970205076AC
:100570003A20202020202020202020202020002081
:10058000E286930020E286910020497020536C6F30
:1005900070653A20202020202020202020002049A3
:1005A00070205365633A2020202020202020202026
:1005B0002020002053616D706C65205365633A20E4
:1005C0002020202020202000204F7574707574207A
:1005D000537465703A2020202020202000204F7581
:1005E000747075742053746172743A202020202036
:1005F00020007265766572736535540072657665A4
:10060000727365495000646972656374355400649F
:10061000697265637449500020436F6E74726F6C29
:100620006C657220416374696F6E3A20002041420C
:100630004F52543A207076496E7374203E206553B1
:10064000746F70002020736574746C696E6720206D
:10065000E2A4B3E2A4B300202070763A2000202068
:100660006F75743A2000207365633A200020414280
:100670004F52543A207076496E7374203E20655371
:10068000746F7000005EBCE2613FDD83C29C7E201F
:10069000A3FD1F41009D23BE46DB65F88C11AF32E0
:1006A000CA57E97400002100240027002A002D0009
:1006B0003000330001010000040107010A010000BD
:1006C0002200250028002B002E00310034000201FA
:1006D0000000050108010B01000020002300260096
:1006E00029002C002F003200000100000301060148
:1006F00009010505050507050808080802020202A8
:100700000A0A0808040404040101010101010101AD
:100710000303030303030303040707070C0C0C0C78
:100720000C0C0C0C02020202060606060606060661
:100730000B0B0B0B0B0B0B0B0102102020080810EE
:100740002040102040800201020108040201010241
:10075000040810204080804020100804020180041A
:100760000201804020100804020108040201010275
:10077000040810204080010204081020408000007E
:100780000A0B02090C0D0E0807030401000000000B
:100790000000000000000000000000000000000059
:1007A0000000000000000000000012111000000016
:1007B0000000000000000000000000000000000039
:1007C00000000000A34711241FBECFEFD1E2DEBF1F
:1007D000CDBF00E00CBF13E0A0E0B2E0E2EBFAEA2C
:1007E00000E00BBF02C007900D92A835B107D9F702
:1007F0002BE0A8E5B3E001C01D92A53EB207E1F7EA
:1008000013E0C3EED3E000E006C021970109802F7A
:10081000FE010E949051C23ED10780E00807A9F76F
:100820000E94434D0C9457550C94000080E197E2D0
:10083000A0E0B0E08093E3089093E408A093E5087B
:10084000B093E6088093E7089093E808A093E9083E
:10085000B093EA088EE394E09093ED088093EC085F
:100860001092EB08EEEEF8E0808181608D7F8B7F47
:1008700080831092980710929907089581E08093E1
:1008800097070895EBE8F6E040AD51AD62AD73AD6A
:10089000DC014D935D936D937D93CD017896B7E028
:1008A000EB31FB0789F7089508954F925F926F929D
:1008B0007F928F929F92AF92BF92CF92DF92EF92F0
:1008C000FF92CF938090130A9090140AA090150A7B
:1008D000B090160A20E030E040E05FE3C501B401CB
:1008E0000E94B0539B01AC0160E070E080E89FE3A0
:1008F0000E941E526B017C01C091AE09C11109C05A
:10090000C092070AD092080AE092090AF0920A0AF5
:1009100022C020E030E040E151E460910F0A709184
:10092000100A8091110A9091120A0E941E529B0196
:10093000AC0160E070E080E89FE30E941E522B0152
:100940003C01C130F1F44092070A5092080A6092CB
:10095000090A70920A0A6091070A7091080A809148
:10096000090A90910A0ACF91FF90EF90DF90CF9003
:10097000BF90AF909F908F907F906F905F904F90BF
:100980000895C23009F4BCCF20E030E040E850E4E4
:10099000C501B4010E94B0534B015C016091170A7C
:1009A0007091180A8091190A90911A0A9B01AC0162
:1009B0000E94AD5120E030E040E351E40E94AD518F
:1009C0009B01AC01C501B4010E941E529B01AC0108
:1009D00060E070E080E89FE30E941E524B015C01E2
:1009E000C33049F48092070A9092080AA092090A3B
:1009F000B0920A0AB0CFC430E9F4A3019201C70152
:100A0000B6010E94AD51A70196010E94AD51A5010A
:100A100094010E94AD5120E030E040E85EE30E9486
:100A2000B0536093070A7093080A8093090A909361
:100A30000A0A91CF1092070A1092080A1092090A26
:100A400010920A0A88CF4F925F926F927F928F9294
:100A50009F92AF92BF92CF92DF92EF92FF92CF938D
:100A6000DF93CDB7DEB761970FB6F894DEBF0FBE48
:100A7000CDBF8090130A9090140AA090150AB090F0
:100A8000160AA5019401C501B4010E94AD519B0154
:100A9000AC0160E070E080E89FE30E941E522B01F1
:100AA0003C018091AE09898B811109C04092030AF3
:100AB0005092040A6092050A7092060A2FC0809133
:100AC0000F0A9091100AA091110AB091120A89831D
:100AD0009A83AB83BC8326E636E646E650E4BC0147
:100AE000CD010E941E529B01AC0160E070E080E8E5
:100AF0009FE30E941E526D837E838F83988799891E
:100B0000913049F58D819E81AF81B8858093030A2C
:100B10009093040AA093050AB093060A6091030A11
:100B20007091040A8091050A9091060A61960FB6A9
:100B3000F894DEBF0FBECDBFDF91CF91FF90EF9055
:100B4000DF90CF90BF90AF909F908F907F906F90ED
:100B50005F904F90089529813A814B815C8160E0DC
:100B600070E080E89FE30E941E5269877A878B8736
:100B70009C879989923029F489859A85AB85BC85B3
:100B8000C5CFC090170AD090180AE090190AF090CB
:100B90001A0A20E030E040E450E4C701B6010E94A8
:100BA000B05320E030E040EF51E40E94AD51A50188
:100BB00094010E94B0536D877E878F87988B20E0C9
:100BC00030E040EA51E4C701B6010E94B05320E092
:100BD00030E040E151E40E94AD519B01AC016D85D4
:100BE0007E858F8598890E941E529B01AC0160E032
:100BF00070E080E89FE30E941E526B017C0199899E
:100C0000933049F4C092030AD092040AE092050A94
:100C1000F092060A83CFA989A43009F52D813E817F
:100C20004F815885C301B2010E94AD5129853A8593
:100C30004B855C850E94AD51A70196010E94AD5184
:100C400020E030E040E85EE30E94B0536093030A86
:100C50007093040A8093050A9093060A5FCF2AECEA
:100C600034E545E550E4C501B4010E94B0539B0151
:100C7000AC0160E070E080E89FE30E941E524B01EF
:100C80005C01B989B53049F48092030A9092040A54
:100C9000A092050AB092060A41CF26E636E646E261
:100CA00050E469817A818B819C810E941E529B0154
:100CB000AC0160E070E080E89FE30E941E522B01CF
:100CC0003C018989863009F4F1CE2AE939E949E9FC
:100CD0005FE369817A818B819C810E94B0539B0183
:100CE000AC0160E070E080E89FE30E941E526983DF
:100CF0007A838B839C839989973029F489819A819F
:100D0000AB81BC8103CF9989983009F47BCFA301D3
:100D10009201C501B4010E94AD5129813A814B81F4
:100D20005C8188CF4F925F926F927F928F929F9259
:100D3000AF92BF92CF92DF92EF92FF92CF93DF9369
:100D4000CDB7DEB769970FB6F894DEBF0FBECDBF43
:100D5000C0900F0AD090100AE090110AF090120A89
:100D600080910B0A90910C0AA0910D0AB0910E0A85
:100D700089839A83AB83BC838090130A9090140A72
:100D8000A090150AB090160AA5019401BC01CD01EE
:100D90000E94B0532B013C012AE939E949E95FE39C
:100DA000C701B6010E94B053A30192010E941E52D6
:100DB00020E030E040E05FE30E94B05369877A872B
:100DC0008B879C879091AE09998F911129C0898555
:100DD0009A85AB85BC858093FF099093000AA09308
:100DE000010AB093020A6091FF097091000A809194
:100DF000010A9091020A69960FB6F894DEBF0FBE01
:100E0000CDBFDF91CF91FF90EF90DF90CF90BF905B
:100E1000AF909F908F907F906F905F904F900895CC
:100E200023EC35EF48E25FE3C701B6010E94B053FF
:100E3000A30192010E941E526D877E878F87988B37
:100E4000998D913029F48D859E85AF85B889C3CF62
:100E5000A5019401C701B6010E941E52698B7A8BCD
:100E60008B8B9C8B29813A814B815C816AE979E982
:100E700089E19FE30E941E5229893A894B895C8946
:100E80000E94B0536D8B7E8B8F8B988F998D923093
:100E900029F48D899E89AF89B88D9DCF8091170ADD
:100EA0009091180AA091190AB0911A0A8D839E8315
:100EB000AF83B88720E030E040E85EE3BC01CD01BD
:100EC0000E94B05321E73DE34AEA5FE30E94AD513F
:100ED00029813A814B815C810E94B0534B015C01B6
:100EE000998D933049F48092FF099092000AA09264
:100EF000010AB092020A77CFA98DA430D9F42D85CA
:100F00003E854F85588969857A858B859C850E94A9
:100F1000AD512D893E894F89588D0E94AD51A50153
:100F200094010E94AD5120E030E040E85EE30E9471
:100F3000B0536CC026E636E646E65FE3C701B6016D
:100F40000E94B053A30192010E941E5220E030E0A3
:100F500040E05FE30E94B0534B015C01B98DB530B6
:100F600011F224EA30E74DEF5EE3C701B6010E94BB
:100F7000B053A30192010E941E522B013C01898DA6
:100F8000863049F44092FF095092000A6092010AAB
:100F90007092020A28CF29813A814B815C8163E3F8
:100FA00073E383EB9EE30E941E5229893A894B89A1
:100FB0005C890E94B0536B017C01998D973049F494
:100FC000C092FF09D092000AE092010AF092020A50
:100FD0000ACF20E030E040E451E46D817E818F81D2
:100FE00098850E941E5226E636E646E65FE30E949A
:100FF000AD5129813A814B815C810E94B053698354
:101000007A838B839C83A98DA83049F46093FF0970
:101010007093000A8093010A9093020AE4CEA30120
:101020009201C501B4010E94AD51A70196010E9431
:10103000AD5129813A814B815C8173CF8091AE0A99
:10104000882309F446C081E090E09093AD0A809334
:10105000AC0A1092C40B1092C60B1092C50B1092E2
:10106000CA0B1092C80B1092C70B1092C90B80913B
:10107000B70B8093C20B8091B80B8093C30B109277
:10108000CD0B1092CC0B1092CE0B1092260B10921F
:10109000270B1092280B1092290B1092190B10920B
:1010A000180B1092390B1092380B1092490B1092BA
:1010B000720B1092730B1092740B1092750B1092AE
:1010C000650B1092640B1092850B1092840B10929A
:1010D000950B08958091740490917304891B990B6A
:1010E0000895FC0190E1A7E5B7E001900D929A9573
:1010F000E1F78091650790916607B0E0A0E0EFEF1F
:10110000F7E080839183A283B38384839583A6834E
:10111000B78380E797E1928781871086EAE0F8E05D
:10112000808183608B7F808387E597E09093A40B19
:101130008093A30B84E690E090938B0B80938A0BB3
:1011400090933F0B80933E0B08951F93CF93DF93B3
:10115000182F10928207C1E0D0E0D0935407C093BB
:1011600053078091550781608B7F809355071092BC
:1011700097070E9416048091AE0A8B3041F41092BA
:10118000800710927F07DF91CF911F9108958630DD
:1011900029F4D0938007C0937F07F5CF9CEF980F79
:1011A000923038F482E090E09093800780937F073C
:1011B000EACF873029F580915D0790915E07B0E016
:1011C000A0E080931F0990932009A0932109B09378
:1011D00022098093230990932409A0932509B093B1
:1011E00026098FE89DE1909329098093280910939F
:1011F000270980912A0981608D7F8B7F80932A093E
:1012000083E090E0D1CF9C014FB7F894809198058E
:10121000E091970581111CC081E08E0F80939705A6
:1012200093E0E99FF0011124E25EFA4F31832083BD
:101230006283883211F410929705909197058091FE
:101240009605981303C081E0809398054FBF0895D9
:10125000909196059F5F9832A1F09093960591E04A
:101260009E0F9093970583E0E89FF0011124E25EC2
:10127000FA4F318320836283983241F710929705A9
:10128000E5CF10929605EBCFFC01538D448D252FB1
:1012900030E0842F90E0821B930B541710F0CF9610
:1012A000089501970895FC01918D828D981761F042
:1012B000A28DAE0FBF2FB11D5D968C91928D9F5F59
:1012C0009F73928F90E008958FEF9FEF0895FC0138
:1012D000918D828D981731F0828DE80FF11D858DEB
:1012E00090E008958FEF9FEF0895FC01918D228D7E
:1012F000892F90E0805C9F4F821B91098F73992703
:101300000895FC01A48DA80FB92FB11DA35ABF4F9A
:101310002C91848D90E001968F739927848FA689F4
:10132000B7892C93A089B1898C91837080648C9348
:10133000938D848D981306C00288F389E02D8081F7
:101340008F7D80830895EF92FF920F931F93CF9329
:10135000DF93EC0181E0888F9B8D8C8D98131AC0F0
:10136000E889F989808185FF15C09FB7F894EE89D7
:10137000FF896083E889F989808183708064808334
:101380009FBF81E090E0DF91CF911F910F91FF907F
:10139000EF900895F62E0B8D10E00F5F1F4F0F7327
:1013A0001127E02E8C8D8E110CC00FB607FCFACFE2
:1013B000E889F989808185FFF5CFCE010E948109F6
:1013C000F1CFEB8DEC0FFD2FF11DE35AFF4FF082B3
:1013D0009FB7F8940B8FEA89FB8980818062CFCF19
:1013E0000F931F93CF93DF938C01D0E0C0E0F801FF
:1013F000EC0FFD1F6491662341F085E794E00E94A5
:10140000A309892B11F02196F2CFCE01DF91CF9164
:101410001F910F910895CF93DF93EC01888D88235E
:10142000B9F0AA89BB89E889F9898C9185FD03C047
:10143000808186FD0DC00FB607FCF7CF8C9185FF2C
:10144000F2CF808185FFEDCFCE010E948109E9CFE7
:10145000DF91CF91089585E794E00E94750921E01E
:10146000892B09F420E0822F089580E090E0892BF9
:1014700049F080E090E0892B29F00E940000811162
:101480000E94000080E090E0892B49F080E090E02D
:10149000892B29F00E94000081110E94000080E049
:1014A00090E0892B29F00E942B0A81110E940000F4
:1014B00080E090E0892B49F080E090E0892B29F0D2
:1014C0000E94000081110C94000008958150823127
:1014D00008F05AC0E82FF0E08827EE58F54F8F4FFC
:1014E0000C949051920A960A840A8A0A8E0AC40AB7
:1014F000990A9F0AA30AA90AAD0AB10AB70ABB0A48
:10150000C40ABF0AC50AC90A809180008F778093F8
:1015100080000895809180008F7DF9CF80918000B8
:10152000877FF5CF84B58F7784BD089584B58F7D8F
:10153000FBCF8091B0008F778093B00008958091A9
:10154000B0008F7DF9CF809190008F7780939000CD
:101550000895809190008F7DF9CF80919000877FD2
:10156000F5CF8091A0008F778093A000089580919F
:10157000A0008F7DF9CF8091A000877FF5CF80916B
:1015800020018F77809320010895809120018F7D25
:10159000F9CF80912001877FF5CFCF93DF93282F5C
:1015A00030E0F901E258F84F8491F901E85CF84F16
:1015B000D491F901EE50F94FC491CC23A1F08111DF
:1015C0000E94660AEC2FF0E0EE0FFF1FE852F94F81
:1015D000A591B491EC91ED2381E090E009F480E0D5
:1015E000DF91CF91089580E090E0FACFCF93DF9321
:1015F000EC01188219821A821B821C821D821E82B3
:101600001F828EE00E94CD0A9A8180FB90F99A8316
:101610008DE00E94CD0A9A8180FB91F99A838CE03B
:101620000E94CD0A9A8180FB92F99A83ECEAFAE053
:101630008881938590FB85F9928990FB86F9918D3D
:1016400090FB87F98883898190A190FB80F9898339
:1016500089E10E94CD0A998180FB91F9998388E103
:101660000E94CD0A998180FB92F9998387E10E94BB
:10167000CD0A998180FB93F9998380E10E94CD0A7C
:10168000998180FB94F999838FE00E94CD0A99811A
:1016900080FB95F9998386E10E94CD0A998180FBB0
:1016A00096F9998381E10E94CD0A998180FB97F98F
:1016B00099838CE20E94CD0A9A8180FB93F99A83E8
:1016C0008EE20E94CD0A9A8180FB94F99A838DE282
:1016D0000E94CD0A9A8180FB95F99A838FE20E943D
:1016E000CD0A9A8180FB96F99A8385E20E94CD0A01
:1016F0009A8180FB97F99A8384E20E94CD0A9B81AC
:1017000080FB90F99B8387E20E94CD0A9B8180FB3E
:1017100091F99B8386E20E94CD0A9B8180FB92F91E
:101720009B8389E20E94CD0A9B8180FB93F99B8376
:1017300088E20E94CD0A9B8180FB94F99B838BE217
:101740000E94CD0A9B8180FB95F99B838AE20E94CF
:10175000CD0A9B8180FB96F99B8385E30E94CD0A8D
:10176000988180FB90F998838FE10E94CD0A98813F
:1017700080FB92F998838BE10E94CD0A988180FBCF
:1017800091F998838DE10E94CD0A988180FB93F9AD
:1017900098838EE10E94CD0A988180FB94F998830A
:1017A000DF91CF9108951F93CF93DF93282F30E0DF
:1017B000F901E258F84F8491F901E85CF84FD491AF
:1017C000F901EE50F94FC491CC23A9F0162F8111E5
:1017D0000E94660AEC2FF0E0EE0FFF1FE254F94F73
:1017E000A591B4918FB7F894EC91111108C0D095E0
:1017F000DE23DC938FBFDF91CF911F910895DE2B05
:10180000F8CFCF93DF9390E0FC01E85CF84F249190
:101810008E50994FFC0184918823C9F090E0880F85
:10182000991FFC01EC55F94FA591B491FC01E254CC
:10183000F94FC591D49161110DC09FB7F8948C9167
:10184000209582238C938881282328839FBFDF9152
:10185000CF910895623051F49FB7F8943C91822F54
:10186000809583238C93E8812E2BEFCF8FB7F8944C
:10187000EC912E2B2C938FBFEACF863308F0865342
:1018800020917B00982F9870277F922B90937B005C
:101890008770806480937C0080917A00806480935C
:1018A0007A0080917A0086FDFCCF8091780090913B
:1018B000790008953FB7F89480911C0490911D041D
:1018C000A0911E04B0911F0426B5A89B05C02F3F10
:1018D00019F00196A11DB11D3FBFBA2FA92F982F56
:1018E0008827BC01CD01620F711D811D911D42E051
:1018F000660F771F881F991F4A95D1F70895CF93D8
:10190000DF93C3EAD9E081E08A878CA19DA1AEA1D3
:10191000BFA1EE85FF8580839183A283B3830E945C
:101920005A0C6093350A7093360A8093370A909365
:10193000380A6093390A70933A0A80933B0A90936D
:101940003C0A1092450A1092460A1092470A1092D9
:10195000480A1092410A1092420A1092430A1092C9
:10196000440A10920B0A10920C0A10920D0A10925F
:101970000E0A10920F0A1092100A1092110A109279
:10198000120A1092130A1092140A1092150A109259
:10199000160A1092FF091092000A1092010A109282
:1019A000020A1092030A1092040A1092050A109279
:1019B000060A1092070A1092080A1092090A109259
:1019C0000A0A18AE19AE1AAE1BAE1CAE1DAE1EAE84
:1019D0001FAE1092E3091092E4091092E5091092EB
:1019E000E6091092EF091092F0091092F109109295
:1019F000F2091092F3091092F4091092F50910926D
:101A0000F6091092F7091092F8091092F90910924C
:101A1000FA0988A999A9AAA9BBA98CAB9DABAEABC1
:101A2000BFAB8093FB099093FC09A093FD09B09391
:101A3000FE098093E7099093E809A093E909B09320
:101A4000EA091092280A1092270A10922A0A109284
:101A5000290A1092240A1092230A1092260A109240
:101A6000250ADF91CF9108958F929F92AF92BF92F6
:101A7000CF92DF92EF92FF926B017C010E945A0C91
:101A80004B015C01C114D104E104F104B9F00E94DE
:101A90005A0C681979098A099B09683E73408105C7
:101AA000910580F321E0C21AD108E108F10888EE1F
:101AB000880E83E0981EA11CB11CE4CFFF90EF902C
:101AC000DF90CF90BF90AF909F908F9008952FB7E9
:101AD000F894609118047091190480911A049091FF
:101AE0001B042FBF0895CF93C091CB0381E0C8277B
:101AF000C093CB0361E084E30E94010C6C2F84E36C
:101B0000CF910C94D30BE7E7F6E0838194810196A3
:101B1000948383830895E7E7F6E0808591850196B5
:101B2000918780870895E7E7F6E085859685019699
:101B3000968785870895E7E7F6E08289938901967D
:101B4000938B828B0895089508950895AF92BF9264
:101B5000CF92DF92EF92FF920F931F93CF93DF9379
:101B60006C017B018B01040F151FEB015E01AE18A8
:101B7000BF08C017D10759F06991D601ED91FC91CA
:101B80000190F081E02DC6011995892B79F7C501E7
:101B9000DF91CF911F910F91FF90EF90DF90CF9049
:101BA000BF90AF9008952091EC03260F3327331F89
:101BB00021323105ECF420916D04FC0190E080E0CD
:101BC000243069F082E00895A091EC032191AC01EA
:101BD00044535C4FA40FB52FB11D2C93019686176B
:101BE00098F38091EC03680F6093EC0380E0089514
:101BF00081E0089510926D0481E080934C0410926E
:101C0000470461E084E10E94D30B61E085E10E941A
:101C1000D30BE9EBF0E080818E7F808380818D7F24
:101C2000808388E48093B80085E48093BC000895A5
:101C3000CF93DF9391E0909310048823B9F0C09183
:101C4000B800D091BA008091BC008A7B8093BC0020
:101C500060E084E10E94D30B60E085E10E94D30B39
:101C60000E94FA0DD093BA00C093B800DF91CF91D3
:101C70000895CF92DF92EF92FF920F931F93CF932D
:101C8000DF93D82FC62F613208F098C00E945A0CFB
:101C90006B017C0180916D0481116BC081E08093A8
:101CA0006D0480934C049FEF90934B0410924A0470
:101CB0009C0F909349048093480480914804DD0F61
:101CC000D82BD093480480914704813009F078C024
:101CD000109247040E945A0C6B017C0180914804C9
:101CE0008093BB0080916F0490917004A091710467
:101CF000B0917204892B8A2B8B2BA1F00E945A0C75
:101D000000916F041091700420917104309172045D
:101D10006C197D098E099F090617170728073907CF
:101D200008F448C08091BC0083FDD8CF85EC809337
:101D3000BC000E945A0C6B017C0180916D048130C3
:101D400009F440C080914A048C1710F4C0914A04F1
:101D5000E7E2F4E0ADE4B4E080E08C1355C08C2FF2
:101D6000DF91CF911F910F91FF90EF90DF90CF9077
:101D7000089580916F0490917004A0917104B091C6
:101D80007204892B8A2B8B2B09F484CF0E945A0C66
:101D900000916F04109170042091710430917204CD
:101DA0006C197D098E099F0906171707280739073F
:101DB00008F070CF80916E040E94180EC0E0CFCF63
:101DC00085EEB5CF80916F0490917004A09171045D
:101DD000B0917204892B8A2B8B2B09F4AECF0E9411
:101DE0005A0C00916F04109170042091710430918D
:101DF00072046C197D098E099F09061717072807B9
:101E0000390708F09ACFD6CF91919D938F5FA5CFD8
:101E1000E091730480917404E81730F4F0E0E35B20
:101E2000FB4F808190E008958FEF9FEF0895909190
:101E30007304809174042FEF3FEF981748F4E92F53
:101E4000F0E0E35BFB4F208130E09F5F90937304F1
:101E5000C90108959091740480917304981729F032
:101E600082E195E00E94170FF5CF0895CF93DF939D
:101E7000CB01EA01642F0E94D30DCE01DF91CF91F7
:101E80000895CF93DF931F92CDB7DEB7698361E0EA
:101E9000CE0101960E94D30D81E090E00F90DF917A
:101EA000CF91089590E080E00895DC0180E06150DA
:101EB00090F09D919827E92FEF70F0E0EC57F94FE3
:101EC0002491E92FE295EF70F0E0EC56F94FE491A0
:101ED000822F8E27ECCF0895DC012C911196ED9185
:101EE000FC91F8948181822B81839281322F3095ED
:101EF0009323928387E090E00197F1F78181832318
:101F0000818383E290E00197F1F790817894EFEC80
:101F1000F0E03197F1F7922381E009F480E0089531
:101F2000FC0190810180F281E02D292F209560FF36
:101F300014C0F8948281822382838181892B8183DA
:101F4000A3E2B0E01197F1F78281982B9283789405
:101F500087ED90E00197F1F70895F894828182234C
:101F600082838181892B8183AFEFB0E01197F1F7F4
:101F70008281982B928378948FE090E0EBCFDF9270
:101F8000EF92FF920F931F93CF93DF93EC01D62E26
:101F9000E42E08E010E0FF24F39461E08D2D8F2102
:101FA00009F460E0CE010E94900FFF0C015011096E
:101FB000A1F7E11010C0F894E981FA81918188813C
:101FC000809589238183E981FA8192818881809536
:101FD000892382837894DF91CF911F910F91FF9095
:101FE000EF90DF900895EF92FF920F931F93CF939E
:101FF000DF938C017B0140E065E50E94BF0FE701A4
:1020000088E0E80EF11C699140E0C8010E94BF0F12
:10201000CE15DF05C1F7DF91CF911F910F91FF9092
:10202000EF900895FC0190810180F281E02DF894F9
:102030008181292F20958223818378943DE743E095
:1020400050E0315029F1DA011197F1F780818923AD
:10205000C1F3F8948281822382838181892B8183D9
:102060007894ABE7B7E01197F1F7F8948181822378
:102070008183A3E1B1E01197F1F78081982381E09A
:1020800009F080E07894E3E6F6E03197F1F70895FF
:1020900080E008958F929F92AF92BF92CF92DF928D
:1020A000EF92FF920F931F93CF93DF9300D01F9275
:1020B0001F92CDB7DEB78C01DC0119968D919C91F2
:1020C0000E94121040E06CECF801818592850E941C
:1020D000BF0FD8014C9164E419968D919C910E9498
:1020E000BF0F0E94670D6B017C01F8018481811193
:1020F00020C081E08983CA82DB82EC82FD82298153
:102100003A814B815C816D8170E080E090E00F90BE
:102110000F900F900F900F90DF91CF911F910F9123
:10212000FF90EF90DF90CF90BF90AF909F908F90F7
:10213000089585818823B1F08081811113C0F80151
:10214000818592850E946C0F813099F20E94670D03
:102150006C197D098E099F096E3E724081059105BB
:1021600070F3C7CFD8011396EC91E9508EEE92E050
:10217000E33038F4F0E0EE0FFF1FEA5CFD4F8081A2
:1021800091814C01B12CA12CF8018181882321F08F
:1021900060E082810E94D30BC501B4010E94340D1E
:1021A000D80111968C911197882309F4A2CF61E090
:1021B00012968C910E94D30B9CCF4F925F926F929C
:1021C0007F928F929F92AF92BF92CF92DF92EF92C7
:1021D000FF920F931F93CF93DF938C017B01EA0152
:1021E000FC01818592850E9412108823D9F1B701E4
:1021F000F801818592850E94F30F40E06EEBF801B3
:10220000818592850E94BF0F6E015E01F9E0AF0EDD
:10221000B11C7E01F8018184928488E0682E712CC3
:10222000512C44244394C4010E946C0F8111542802
:10223000440CF1E06F1A7108B1F7F70151927F0178
:10224000AE16BF0639F7F801818592850E941210FB
:10225000813041F4F60181916F01811105C0EE15C5
:10226000FF05C1F790E008C068E0CE010E94550F5D
:1022700091E028852813F6CF892FDF91CF911F9108
:102280000F91FF90EF90DF90CF90BF90AF909F9015
:102290008F907F906F905F904F900895CF93C82F4D
:1022A000682F8DE10E94D30B6C2F8EE1CF910C949F
:1022B000D30B81E08093AA0A0895EBE8F6E0A281AF
:1022C000B38113968D919C91149714961C921E9233
:1022D00013979583848381E08087A385B4851396C3
:1022E0002D913C91149714961C921E921397368749
:1022F0002587818BA489B58913962D913C911497DC
:1023000014961C921E921397378B268B828FA58D65
:10231000B68D13962D913C91149714961C921E9293
:10232000139730A3278F83A3089510925208E3E2F6
:10233000F4E08081877F8083089581E00C944E11C2
:10234000CF93DF93A0E0B2E0FD0190E021913191C5
:102350002817390721F4EF0122971982188222E009
:10236000E031F20799F78D919D91892B41F482E03C
:10237000A031B807C1F781E0DF91CF91089580E0E7
:10238000FBCFFC0121812150330B70E060E0472F2F
:1023900050E0421753073CF4480F591FFA0140819F
:1023A000640F7F5FF4CF820F931FFC016083089559
:1023B000FC0181E08083658385E0828380915507FD
:1023C000A0E0B2E020E132E04D915D91452BE1F4D7
:1023D0002A173B07C9F791E08F7E90FF80619091AB
:1023E000620390FB81F98383F8949091FC078091BC
:1023F000FB0791110BC09091FA07981307C07894CE
:10240000148287E08183089590E0E6CF90E0A09168
:10241000F707B091F807A80FB91F2C9101966091AA
:10242000F90770E00E947C518093FB071092FC0733
:1024300078942483E6CFCF93DF93CDB7DEB7C4562D
:10244000D1090FB6F894DEBF0FBECDBF66E0CE0156
:1024500001960E94D811CE0101960E94C111CC595B
:10246000DF4F0FB6F894DEBF0FBECDBFDF91CF9127
:102470000895CF93DF93EC0167E00E94D811CE015D
:10248000DF91CF910C94C111E1ECF0E08081806884
:1024900080830895682F660F692F661F81E090E0A2
:1024A0006F3F11F490E080E00895EF92FF921F9348
:1024B000CF93DF93EC0119867C0180E4E80EF11CD8
:1024C000F70111829081329680E0981719F01192ED
:1024D0008F5FFBCF1FAE1EAE10E0F7018081181793
:1024E00050F4EA81FB81E10FF11D60E080810E94E0
:1024F000D30B1F5FF2CFDF91CF911F91FF90EF9031
:102500000895CF93DF93EC010E945512ED81FE8177
:102510002F8138858CA99DA9B0E0A0E080839183AC
:10252000A283B38384839583A683B783328721876D
:102530008BE08087838581608D7F8B7F8387DF91B0
:10254000CF910895CF92DF92EF92FF920F931F9356
:10255000CF93DF9300D000D01F921F92CDB7DEB78C
:10256000FC018E010F5F1F4F88E0D8011D928A95F4
:10257000E9F74285C180E0802E2D30E0842FF12CD8
:10258000DD24D394CF100EC0CF010296B801562F90
:10259000501B5E1590F4DB015D91BD01DC015D9384
:1025A000CD01F5CF90E0D801A80FB91FDC920196BC
:1025B000B9010E947C51F394E5CF842F90E00196FD
:1025C000B9010E947C51828728960FB6F894DEBF2D
:1025D0000FBECDBFDF91CF911F910F91FF90EF9074
:1025E000DF90CF900895FF920F931F93CF93DF93C7
:1025F000EC018985882369F18EAD9FAD891728F597
:102600008F5F8EAF8E01005C1F4FF80190818EAD01
:10261000981708F4892FF8018183C8010E94A2123B
:10262000F12CF8018081F816A0F48F2D90E0D801EC
:10263000A80FB91FEA81FB81E80FF91F12966C9170
:1026400080810E94D30BF394ECCF9817D8F6815079
:10265000D8CFDF91CF911F910F91FF9008958AE01D
:102660009BE00E94F31286E59BE00C94F312EF923C
:10267000FF921F93CF93DF93EC0110E08C8118172A
:10268000A0F4E12EF12CEA81FB81EE0DFF1D61E04B
:1026900080810E94010CEA81FB81EE0DFF1D60E04C
:1026A00080810E94D30B1F5FE9CFCE01805C9F4FDA
:1026B000FC011182DF91CF911F91FF90EF900C945C
:1026C000A21281E20E94CD0A21E0892B09F420E0C8
:1026D000822F0895FC018181861799F0618381E042
:1026E00090E0938382838081861751F0662381F086
:1026F00084819581228133812817390708F060830E
:102700000895828193818F3F980769F30196E9CFFD
:1027100086819781EFCFFC018581882361F08681D6
:10272000882351F00280F381E02D81E025813681FC
:10273000232B09F480E008950190F081E02DF5CF7E
:102740000F931F93CF93DF93FC012081222309F481
:102750003FC0162FC62FD0E0D683C583028161E02B
:10276000802F0E94010C209741F460E0802FDF91C0
:10277000CF911F910F910C94D30BCF3FD10511F442
:1027800061E0F4CFE02FF0E0E258F84FE491E1503F
:10279000E23108F0B4C0F0E08827EE52FC4E8F4FD3
:1027A0000C949051E413ED13F213FC1306147F14F0
:1027B0001014181420142A1434143E144D145714F1
:1027C0007F1461146B14751484B5806884BD17BDC3
:1027D000DF91CF911F910F91089584B5806284BDE0
:1027E00018BDF6CF80918000806880938000D093E0
:1027F0008900C0938800ECCF809180008062809334
:102800008000D0938B00C0938A00E2CF809180003B
:10281000886080938000D0938D00C0938C00D8CFC7
:102820008091B00080688093B0001093B300D0CF47
:102830008091B00080628093B0001093B400C8CF44
:1028400080919000806880939000D0939900C0930D
:102850009800BECF80919000806280939000D093CA
:102860009B00C0939A00B4CF8091900088608093C1
:102870009000D0939D00C0939C00AACF8091A000AF
:1028800080688093A0008091A0008F7B8093A0003F
:10289000D093A900C093A8009BCF8091A000806234
:1028A0008093A000D093AB00C093AA0091CF8091F9
:1028B000A00088608093A000D093AD00C093AC00CE
:1028C00087CF80912001806880932001D0932901D7
:1028D000C09328017DCF80912001806280932001E8
:1028E000D0932B01C0932A0173CF8091200188607F
:1028F00080932001D0932D01C0932C0169CFC03863
:10290000D1050CF03DCF31CF0F931F93CF93DF93C1
:1029100083E20E94CD0A8C0182E20E94CD0AEC0182
:1029200061E0012B09F460E083E897E00E946A13FC
:1029300061E0CD2B09F460E08BE897E00E946A1318
:10294000809183078093930790918B0790939407CE
:1029500023E0911104C022E0811101C021E0209305
:1029600095072091D40B222309F448C02091DC0B59
:10297000222309F443C02091A20B21113FC09923C7
:1029800051F18091B80B8093C30B1092C20B6091F0
:10299000C20B6093D30B8091D50B882329F18091D2
:1029A000D10B9091D20B0E94A0136091C30B609346
:1029B000DB0B8091DC0B882309F18091DD0B8823F0
:1029C000C1F08091D90B9091DA0BDF91CF911F91DB
:1029D0000F910C94A0138111D4CF8091B70B8093E9
:1029E000C20B1092C30BD3CF8091CF0B9091D00B21
:1029F000DACF8091D70B9091D80BE7CFDF91CF91B1
:102A00001F910F910895FC01808181110DC081E01B
:102A100080838181811104C061E082810C94D30B99
:102A20006581CF010C94A0130895CF93DF93EC013F
:102A3000862F68835A8349831C821B8262E00E942E
:102A4000010C29813A819881923069F43093110206
:102A50002093100280916A00836080936A00EC9A50
:102A6000DF91CF910895933059F43093130220935E
:102A7000120280916A008C6080936A00ED9AF0CF18
:102A80008EEE890F843060F787E1891BE82FF0E034
:102A9000EE0FFF1FE05FFD4F31832083843091F004
:102AA0008530B9F0833039F080916900836080937C
:102AB0006900E89AD5CF809169008C6080936900A5
:102AC000E99ACECF80916900806380936900EA9A89
:102AD000C7CF80916900806C80936900EB9AC0CF6A
:102AE000FC01118260E080810C94D30BFC01108208
:102AF00060E081810C94D30BF8949091FC079923AA
:102B000059F08091FD079091FE0701969093FE0782
:102B10008093FD07789408952091FA0730E0E091C2
:102B2000F707F091F807E20FF31F8083C9010196C0
:102B30006091F90770E00E947C518093FA079091B0
:102B4000FB079813E7CF81E08093FC07E3CFBF92A8
:102B5000CF92DF92EF92FF920F931F93CF93DF9369
:102B6000EC01B62EC72E8D85811105C0CE010E94C5
:102B7000121081110EC01B861D861C8680E0DF911D
:102B8000CF911F910F91FF90EF90DF90CF90BF906A
:102B9000089540E060EFCE010E94BF0F01E0E12CFC
:102BA000D12C11E0CE010E946C0FF82ECE010E94B4
:102BB0006C0F91E0F91218C0813099F51134D8F2F8
:102BC000DB86D11002C081E08D878B81882399F24A
:102BD0002396EB2DFC2DCF01089629912193E81720
:102BE000F907D9F781E0CBCFEE2DF0E0F8120FC056
:102BF0008B851817A0F4DE01AE0FBF1F13968C91C2
:102C0000802379F4F12C193008F41C87D12EEC0FB5
:102C1000FD1F8381902F9095892383830AC08113A0
:102C2000F1CFFE01EE0DF11D8381802B8383FF2404
:102C3000F3946F2DCE010E94900F1F5F000F11F4CF
:102C4000E39401E087E08E1508F0ACCFB7CFCF93C7
:102C5000DF93EB01DC011996ED91FC911A97138635
:102C600015861486128611861086178216821582A2
:102C70001482138219968D919C910E94A715982F0A
:102C8000882341F067E0CE010E94550F91E02F812B
:102C9000281390E0892FDF91CF9108958F929F9212
:102CA000AF92BF92EF92FF920F931F93CF93DF9358
:102CB000CDB7DEB761970FB6F894DEBF0FBECDBFBC
:102CC0007C01FC0100851185F8018781882309F4C6
:102CD0006BC0BE01665F7F4FC8010E942716882324
:102CE00009F462C0AE014F5F5F4FBE01665F7F4F68
:102CF000C8010E94DD10882309F456C08A81812C06
:102D0000912C540187FF06C0812C912CF8EFAF2E37
:102D1000BB24BA949A8549819B3309F057C02D8111
:102D200027FF54C040FD40C0042F10E030E020E0F9
:102D300073E0000F111F221F331F7A95D1F7B901DD
:102D4000A801407E57706627772790E0B0E0A0E0AA
:102D50008C019D01EBE0000F111F221F331FEA952C
:102D6000D1F7042B152B262B372B082919292A29B3
:102D70003B29013854EE15075FEF25073507A4F00E
:102D8000C901B8010E94C85220E030E040E05CE395
:102D90000E94B0534B015C0120E030E04EEF52EC5A
:102DA0000E941952811158C0F70186899789248998
:102DB00035898217930718F40196978B868B812C9F
:102DC000912C8EEFA82E82ECB82E49C0082F10E06F
:102DD000102F0027110F110F110FF8E04F9FA001C6
:102DE0001124042B152B012E000C220B330B082968
:102DF00019292A293B29903109F0BBCF6885662320
:102E000009F4B7CF70E08F81AB01481B5109CA01AB
:102E10009695982F8827979587950E947C51CB018E
:102E2000770FAA0BBB0B53E0000F111F221F331F9C
:102E30005A95D1F7007827703327005211092109DC
:102E40003109800F911FA21FB31F95018401082B28
:102E5000192B2A2B3B2B8DCFF701178A168A81E07D
:102E6000F70146895789248935894217530708F4A1
:102E700080E0F701838B808591850E944A1020E0D5
:102E800030E04EEF52ECC501B4010E941952F70137
:102E90008823D1F080829182A282B382F70160817F
:102EA00071818281938161960FB6F894DEBF0FBE67
:102EB000CDBFDF91CF911F910F91FF90EF90BF9009
:102EC000AF909F908F9008958389882339F380E095
:102ED00090E0AAE7B4EC80839183A283B383DECF32
:102EE00080918107815080938107811118C085E00E
:102EF000809381078091560728E1829FC0011124A9
:102F00008D53994F0E944E1690915607892F8F5FCF
:102F1000F1F39FEF8630D0F780935607089583EC46
:102F200096E00E944E163091D60620912404332359
:102F300049F0822F8064809324041092960781E0E8
:102F40000C944E112F7B2093240420E030E04AE7BC
:102F500054EC0E941952882319F081E0809396075F
:102F60000895BF92CF92DF92EF92FF920F931F933B
:102F7000CF93DF93CDB7DEB761970FB6F894DEBF7E
:102F80000FBECDBF7C018B01DC0119967C936E9343
:102F9000189783E0D82ECC24C394D8011996ED91CC
:102FA000FC911A9713861586148612861186108650
:102FB0001782168215821482138217961C92179715
:102FC00018961C9262E370E080E090E00E94340D5D
:102FD000BE01665F7F4FF801818592850E94A7152B
:102FE000882309F477C067E0CE010A960E94550F46
:102FF00099898913EDCFD80117968C9117978F5F18
:1030000017968C938A85883231F008F04AC0803157
:1030100011F08232E9F6F80180858F5F8087808128
:10302000811124C0818592850E941210BE01665FC5
:103030007F4FD80119968D919C910E94F30F40E02B
:1030400064EBF801818592850E94BF0FD801199623
:103050008D919C910E946C0FB82EF801818592850C
:103060000E941210B11002C0D801CC928A85803122
:1030700019F1AE014F5F5F4FBE01665F7F4FC80120
:103080000E94DD10882359F08D819A859B3311F4BD
:1030900087FD12C08F3391F058F48F31B9F080E082
:1030A0000EC08B3309F4B7CF823409F091CFB3CF80
:1030B0008F3571F08F3799F78CE001C08AE0F80105
:1030C0009381981708F084CF838382CF89E0F7CF6C
:1030D0008BE0F5CFD80117969C91911103C0DA943B
:1030E000D1105BCFF701138A178A168A0084F18505
:1030F000E02D9781992331F0B701665F7F4FCF01B3
:103100000E942716D70152968C9352971896ED91EC
:10311000FC911997148218968D919C910E944A10E7
:1031200061960FB6F894DEBF0FBECDBFDF91CF9191
:103130001F910F91FF90EF90DF90CF90BF90089577
:1031400082E090E0909354078093530783ED9AE0D8
:103150000C940315AF92BF92CF92DF92EF92FF9241
:103160000F931F93CF93DF93CDB7DEB765970FB65D
:10317000F894DEBF0FBECDBF8E010F5F1F4F85E1FC
:10318000F80111928A95E9F7F090D2070E942A0F70
:1031900065E18F2D0E94390E1092730480937404A0
:1031A000853109F047C078015E01F6E1AF0EB11C30
:1031B000680182E195E00E94170FF60181936F018B
:1031C000EA15FB05B1F789818130B1F52D89A80198
:1031D0004C5E5F4F80E031E3F70191917F018927D9
:1031E00098E087FF3DC0880F83279150D1F7E41600
:1031F000F50691F7281320C08091D607882391F116
:1032000081E02C899091D007291301C080E095E1DD
:10321000F801ADEBB7E001900D929A95E1F791E0DE
:103220009093D6079B8990FF1FC092FD1DC080938D
:10323000D50705C00E942A0F1092D50780E0659639
:103240000FB6F894DEBF0FBECDBFDF91CF911F91B7
:103250000F91FF90EF90DF90CF90BF90AF900895C7
:10326000880FC3CF81E0D3CF80E0E1CF0C94AA18C0
:10327000CF93FC018081882371F01082C28181810B
:10328000882321F061E08C2F0E94010C60E08C2FDC
:10329000CF910C94D30BCF910895CF939CEF980FBF
:1032A000933018F0C1E08B3079F48091930781114D
:1032B00004C0C0919407CC2351F010921E09809154
:1032C000120980FF32C0C0E08C2FCF91089583EDAA
:1032D0009AE00E9438191092120980911E0980FD0F
:1032E000F2CF82FDF0CF48EB5BE060E070E040930E
:1032F00013095093140960931509709316094093AC
:103300001709509318096093190970931A092AEB49
:1033100039E130931D0920931C0910921B0981602B
:103320008D7F8B7F80931E09CFCF82FDCCCF48EB62
:103330005BE060E070E040930709509308096093F8
:10334000090970930A0940930B0950930C09609383
:103350000D0970930E0920EA38E13093110920938A
:10336000100991E090930F0981608D7F8B7F80938E
:103370001209A9CF1092120910921E0983ED9AE04A
:103380000E943819ECEAFAE01182108287E0828309
:103390000E941E0881E00C94A5089EEF980F9230C1
:1033A00008F063C01092BE08833079F188EE9AE08D
:1033B0000E9403158FEE9AE00E94031580EC94EDB5
:1033C000A1E0B0E08093B3089093B408A093B5084F
:1033D000B093B6088093B7089093B808A093B90843
:1033E000B093BA088DEC99E19093BD088093BC0826
:1033F00083E08093BB088091BE0881608D7F8B7FC6
:103400008093BE0881E10C947C1588EE9AE00E94BE
:1034100038198FEE9AE00E94381982E10E947C15DB
:1034200080E395E7A0E0B0E08093B3089093B40800
:10343000A093B508B093B6088093B7089093B808E6
:10344000A093B908B093BA088DEC99E19093BD08A8
:103450008093BC0884E08093BB088091BE088160A3
:103460008D7F8B7F8093BE0808951092AD0A1092D5
:10347000AC0A8AE08093AE0A0E941E0880E00C9499
:10348000A5081F93CF93DF93EC018A819B81FC01F8
:103490002481222369F00E9438191D8281E08F83E4
:1034A00080E20E947C1580E0DF91CF911F9108950A
:1034B000888199810E94381911E01E838A819B813D
:1034C0002C8130E0FC01368325830E9403158FE1B7
:1034D0000E947C151D8381E0E7CF0F931F93CF934C
:1034E000DF93EC018091DF0B813021F0823061F0BD
:1034F00010E004C080E20E947C1511E0812FDF9172
:10350000CF911F910F9108951D811123B9F30E8161
:10351000011114C08881998101E0FC0104830E949B
:103520003819CE010E94411A882329F0109297077A
:103530000E941604DDCF0F831D82E0CF8A819B811C
:1035400011E0FC0114830E9438191D821F83102F83
:10355000D5CFCF93DF93EC018D81811119C09F816D
:10356000911116C02E81222369F08A819B81FC0172
:103570003481332381F0211108C0CE01DF91CF9136
:103580000C94411A88819981F2CF81E08F8380E089
:10359000DF91CF9108952C8130E0368325830E94FE
:1035A000031581E08D83F4CFCF9390E0009769F508
:1035B000C1E0C093B10A61E08091B20A0E94D30BCE
:1035C00084EF91E0A0E0B0E08093730990937409D8
:1035D000A0937509B0937609809377099093780941
:1035E000A0937909B0937A0984ED9AE190937D09CB
:1035F00080937C09C0937B0980917E0981608D7FD7
:103600008B7F80937E09CF9108950197E1F787ED35
:103610009BE00E94A91A86E48093DB0B8091DC0B6F
:10362000882359F08091DD0B882361F08091D90BBC
:103630009091DA0B66E40E94A01310929707CF9145
:103640000C9416048091D70B9091D80BF3CF90E097
:10365000009749F581EB9AE00E94761584EF91E09E
:10366000A0E0B0E08093670990936809A09369098E
:10367000B0936A0980936B0990936C09A0936D09CC
:10368000B0936E0987E29BE1909371098093700972
:1036900081E080936F098091720981608D7F8B7FBB
:1036A000809372090895019741F4109297070E9440
:1036B000160487ED9BE00C94A91A0895CF93DF932D
:1036C000EC01888199810E9438198A819B810E942E
:1036D00038191D82DF91CF9108951092AD0A109292
:1036E000AC0A109266091092720910927E098FEC52
:1036F0009BE00E945E1B87ED9BE00E945E1B8FECAF
:103700009BE00E945E1BE091CF0BF091D00B1482E6
:10371000E091D10BF091D20B14821092D50B109244
:10372000D60B87ED9BE00E945E1BE091D70BF091DA
:10373000D80B1482E091D90BF091DA0B148210921D
:10374000DD0B1092DE0B83ED9AE00E9438198AEDB2
:103750009AE00E94381981EE9AE00E94381988EEAA
:103760009AE00E9438198FEE9AE00E94381986EF8D
:103770009AE00E9438198DEF9AE00E94381981EB87
:103780009AE00E94761583EB9AE00E94761585EB0D
:103790009AE00E94761584E09BE00E94701586E016
:1037A0009BE00E94701588E09BE00E9470158AE003
:1037B0009BE00E94551286E59BE00E9455121092F4
:1037C000E00B1092AF0B1092B2081092BE0810924C
:1037D000E2081092D6081092FA081092CA081092C5
:1037E000060908951092A20B1092400B82E792E016
:1037F0000C946D1BCF93C82F1092A7091092A809A3
:103800001092A9091092AA090E94F21B1092790A3B
:1038100086E080939B0AC0939C0ACF910895CF9332
:10382000C62F1092820710925407109253070E94DD
:10383000F21B8091AE0A8C50823010F01092AE0ACA
:10384000809155078E7F8460809355071092900673
:1038500010928F0610929906109298061092A20666
:103860001092A1061092AB061092AA06109246087A
:103870001092520810925E0810926A081092760810
:1038800010928E0810929A081092120910921E0936
:1038900010923A0810922A09109236091092820763
:1038A000C11104C089E1CF910C947C15CF9108958A
:1038B0000E94611390912404882321F094609093D6
:1038C000240408959B7F909324048091970781118D
:1038D00007C0809123048D7F8B7F809323040895FC
:1038E0008FEC9BE00E948B1381112FC010929807E0
:1038F000809123048D7F80932304809197078823F0
:1039000009F498C087ED9BE00E948B13882309F48B
:1039100068C0209198063091990680919A069091FE
:103920009B062817390708F457C081E090E0909370
:103930009506809394068091940690919506019740
:1039400020919C06211152C0089520918F0630913C
:103950009006809191069091920628173907B8F148
:1039600081E090E090938C0680938B0680918B068B
:1039700090918C06019720919306222319F21092C0
:103980009306029708F4B2CF80919807833018F419
:103990008F5F8093980780919807833008F4B2CFA7
:1039A0008091230481FDAECF82608093230481E067
:1039B0000E944E118FEC9BE00E946D1A882309F43F
:1039C0009CCF60E082E892E00E940F1C96CF10929C
:1039D0008C0610928B06CACF109295061092940610
:1039E000AACF109299078091230476CF10929C065B
:1039F0000297B8F380919907833018F48F5F809312
:103A00009907809199078330A8F08091230482FD63
:103A100011C084608093230481E00E944E1187EDE1
:103A20009BE00E946D1A882329F060E085E992E00E
:103A30000C940F1C08950E94581C85E40E94CD0A26
:103A400020912404892B21F02860209324040895D8
:103A5000277FFBCFCF92DF92EF92FF928091820778
:103A6000882309F457C0C0902307D0902407E09022
:103A70002507F090260720E030E040ED51E4C70133
:103A8000B6010E947853181634F0C12CD12C80ED69
:103A9000E82E81E4F82E2091C3063091C4064091AF
:103AA000C5065091C606C701B6010E947853181684
:103AB00074F41092820760E08AEA92E00E940F1C80
:103AC00089E1FF90EF90DF90CF900C947C1580E31C
:103AD00095E7A0E0B0E080932B0990932C09A09388
:103AE0002D09B0932E0980932F0990933009A0934C
:103AF0003109B09332098AE29DE1909335098093B0
:103B00003409109233098091360981608D7F8B7F53
:103B100080933609FF90EF90DF90CF900895CF9378
:103B2000C82F10922A09109252089091DF0B8091B1
:103B300023048870992309F446C081113BC0923058
:103B400009F050C08091DD0B81114CC087ED9BE0E6
:103B50000E94411A882371F180E395E7A0E0B0E06C
:103B600080931F0990932009A0932109B093220903
:103B70008093230990932409A0932509B0932609E3
:103B80008FE89DE1909329098093280981E0C11174
:103B900001C080E08093270980912A0981608D7F90
:103BA0008B7F80932A0910929707CF910C9416046B
:103BB0008DE10EC00E94F21B60E090E080E00E9468
:103BC0000F1C8DE123C0C1110FC08111F1CF8CE119
:103BD0000E947C150E94F21B60E090E080E0CF9193
:103BE0000C940F1CCC2399F30E94F21B1092AD0A87
:103BF0001092AC0A8BE08093AE0A0E941E0880E00F
:103C00000E94A5088CE10E947C158EE1CF910C9456
:103C10007C158F929F92AF92BF92CF92DF92EF92DC
:103C2000FF921F93CF93DF93CDB7DEB768970FB6A0
:103C3000F894DEBF0FBECDBF182F10926A08809196
:103C4000AE0A8C30D9F481E08093AB0A8FEB92E01E
:103C50000E946D1B1092AE0A68960FB6F894DEBFF4
:103C60000FBECDBFDF91CF911F91FF90EF90DF90FE
:103C7000CF90BF90AF909F908F900895CE01019606
:103C80000E944204C988DA88EB88FC8820E030E092
:103C900040ED51E4C701B6010E947853181634F084
:103CA000C12CD12C80EDE82E81E4F82E8D889E88E1
:103CB000AF88B88C81E08093AB0A9091E00B9111B2
:103CC00009C08093E00B1093AE0A0E941E0888E1A1
:103CD0000E947C15A7019601C501B4010E9478538A
:103CE0001816ECF4E0915B0BF0915C0B20915D0BEE
:103CF00030915E0B80E69AEEA0E0B0E08083918385
:103D0000A283B38384839583A683B7833287218775
:103D10001087838581608D7F8B7F83879DCF1092F5
:103D2000E00B86E09BE00E94701588E09BE00E941B
:103D3000701588EE9AE00E9438198FEE9AE00E9482
:103D400038198ACF1092760891E09093AB0A90913F
:103D5000AE0A9D3039F48093AE0A0E941E0886E1B7
:103D60000C947C159C3031F48BEC92E00E946D1B1E
:103D70001092AE0A08958091AF0A9091B00A8330F4
:103D8000910591F1892B81F1109297070E941604F9
:103D900087ED9BE00E945E1B84EF91E0A0E0B0E025
:103DA0008093670990936809A0936909B0936A09A1
:103DB00080936B0990936C09A0936D09B0936E0981
:103DC00087E29BE1909371098093700910926F09CB
:103DD0008091720981608D7F8B7F80937209109230
:103DE000B00A1092AF0A08951092B00A1092AF0A6A
:103DF00087ED9BE00C94A91A9093B20B8093B10BC2
:103E0000109297070E9416048FEC9BE00E945E1BA5
:103E100084EF91E0A0E0B0E080935B0990935C09AF
:103E2000A0935D09B0935E0980935F099093600948
:103E3000A0936109B093620988E293E290936509C7
:103E40008093640910926309E6E6F9E0808181605D
:103E50008D7F8B7F808308959091AE0A981729F00B
:103E6000953091F020F4943089F080E008959630F8
:103E700011F19B30D1F78430B9F08630B1F78093DF
:103E8000AE0A81E090E009C0843051F08B3069F7D0
:103E90008BE08093AE0A90E080E00E94FC1EE5CFAC
:103EA0008093AE0A81E008958093AE0A82E090E0AC
:103EB0000E94FC1EF7CF8B30C1F68AE09BE00E9487
:103EC00081128DE08093AE0AD0CF10928E0880913F
:103ED0007F0790918007009751F00297A9F48BE03B
:103EE0000E942C1F1092800710927F0708958091E6
:103EF0008207811109C086E00E942C1F81E090E0BA
:103F00009093800780937F07089510929A0880917C
:103F10007F07909180078130910521F058F002973A
:103F200091F008958BE00E942C1F10928007109250
:103F30007F07089584E00E942C1F82E090E0909318
:103F4000800780937F071092360908958230A9F583
:103F50001092B20883ED9AE00E94381987ED9BE039
:103F60000E945E1B81EE9AE00E94031580E395E7B4
:103F7000A0E0B0E08093A7089093A808A093A908B8
:103F8000B093AA088093AB089093AC08A093AD08B7
:103F9000B093AE0886EA9FE19093B1088093B00891
:103FA00081E08093AF088091B20881608D7F8B7F24
:103FB0008093B2088EE00C947C151092AD0A10929A
:103FC000AC0A89E08093AE0A0E941E0880E00C943F
:103FD000A508FC0101900020E9F73197AF01481BCB
:103FE000590BBC0185E794E00C94A60D86ED92E098
:103FF0000C94E91FCF93DF930E94F009EC010E941B
:10400000F61F8C0F9D1FDF91CF9108958F929F9285
:10401000AF92BF920F931F93CF93DF93CDB7DEB7CD
:10402000A1970FB6F894DEBF0FBECDBF19A24230E4
:1040300008F44AE08E010F5D1F4F842E912CB12CA5
:10404000A12CA50194010E943B51E62FB901CA01A0
:10405000EA30F4F4E05DD801EE938D01232B242B9C
:10406000252B79F790E080E0109719F0CD010E94A0
:10407000E91FA1960FB6F894DEBF0FBECDBFDF914A
:10408000CF911F910F91BF90AF909F908F90089507
:10409000E95CE1CF4F925F926F927F928F929F92F5
:1040A000AF92BF92CF92DF92EF92FF920F931F9346
:1040B000CF936B017C01742EAC019B010E941D54B7
:1040C000882399F089ED92E0CF911F910F91FF9095
:1040D000EF90DF90CF90BF90AF909F908F907F90A8
:1040E0006F905F904F900C94E91F46015701E89440
:1040F000B7F82FEF3FEF4FE75FE7C501B4010E942C
:104100001D5481110DC02FEF3FEF4FE75FE7C50151
:10411000B4010E94195218161CF48DED92E0D4CF10
:104120002FEF3FEF4FE75FE4C701B6010E947853DE
:1041300018161CF481EE92E0C7CF2FEF3FEF4FE748
:104140005FECC701B6010E94195287FDF3CF20E052
:1041500030E0A901C701B6010E94195210E000E049
:1041600087FF0AC06DE285E794E00E94A3098C01F5
:10417000F7FAF094F7F8F094C0E060E070E080E0C7
:104180009FE37C1641F020E030E040E251E40E94E1
:104190001E52CF5FF6CFA70196010E94AD512B01B1
:1041A0003C010E9497524B015C014AE00E940620AC
:1041B0007C01E00EF11ECC23C1F1C501B4010E94C7
:1041C000C6529B01AC01C301B2010E94AC514B012C
:1041D0005C016EE285E794E00E94A309E80EF91EF7
:1041E000C15018F120E030E040E251E4C501B401D3
:1041F0000E94B0532B013C010E9497524B01B12CFD
:10420000A12C4AE0C501B4010E940620E80EF91E67
:10421000C501B4010E94C6529B01AC01C301B201A9
:104220000E94AC514B015C01DBCFC701CF911F91C4
:104230000F91FF90EF90DF90CF90BF90AF909F9045
:104240008F907F906F905F904F9008950C944A20CC
:10425000CF93DF930E944A20EC010E94F61F8C0F3F
:104260009D1FDF91CF910895CF92DF92EF92FF9241
:104270001F93CF93DF93EC016A017B0120E030E0D4
:10428000A901CB01B6010E94195287FD34C020E07C
:1042900030E048EC52E4C701B6010E94785318168A
:1042A00074F11C81612F70E090E080E00E94C852A0
:1042B000A70196010E94B05320E030E048EC52E4A0
:1042C0000E941E520E947D53D62EF12CE12CE11645
:1042D000E8F49C81E91658F461E0ED1408F060E020
:1042E000EA81FB81EE0DFF1D80810E94D30B8FEFD1
:1042F000E81AF80AECCFC12CD12C7601D2CFC12C10
:10430000D12C88ECE82E82E4F82ECBCFDF91CF9130
:104310001F91FF90EF90DF90CF9008953F924F92C2
:104320005F926F927F928F929F92AF92BF92CF9245
:10433000DF92EF92FF920F931F93CF93DF9300D002
:1043400000D0CDB7DEB79E838D83CB01BA010E942A
:104350009052AD81BE811D967C936E931C971A96E8
:104360002D913C911B97A901461B570B9E96ED90F2
:10437000FC909F97E61AF70A9F967C936E939E9700
:1043800099962C91222331F0519541955109F19440
:10439000E194F108ED81FE8130A4BA01550F880B3C
:1043A000990B0E94C8524B015C0110E000E03110F3
:1043B0000DC0AD81BE8150962D913D914D915C9186
:1043C00053970E94B0530E9490528B01B701FF0C8B
:1043D000880B990B0E94C8526B017C01AD81BE8194
:1043E00094968D919D910D90BC91A02D89839A8377
:1043F000AB83BC83ED81FE81208D318D428D538D49
:10440000C701B6010E94B05329813A814B815C817A
:104410000E941E522B013C01B801110F880B990B11
:104420000E94C8529B01AC01C301B2010E94AD5170
:104430000E9490522B01AD81BE811F967C936E939A
:104440001E9754962D913D914D915C915797C501C2
:10445000B4010E94B05329813A814B815C810E9452
:10446000B053ED81FE81248D358D468D578D0E9490
:10447000AD514B015C01AD81BE815C968D929D92E8
:10448000AD92BC925F973320A1F050962D913D9153
:104490004D915C915397C701B6010E94B053A5019D
:1044A00094010E94AD51ED81FE81648F758F868FDE
:1044B000978FAD81BE815C968C905C975D969C9049
:1044C0005D975E96AC905E975F96BC905F979A966C
:1044D0000D911C91B801012E000C880B990B0E94C4
:1044E000C8526B017C019B01AC01B401C5010E9463
:1044F000195287FD16C0ED81FE8164A575A5072EB2
:10450000000C880B990B0E94C8526B017C019B0127
:10451000AC01B401C5010E947853181614F064016F
:104520007501C601D701ED81FE81848F958FA68F1D
:10453000B78FB201550C880B990B0E94C852960197
:10454000A7010E94AD510E949052601771074CF074
:10455000AD81BE819C960D911C91601771070CF482
:104560008B01ED81FE8117870687F4806F2D70E047
:1045700090E080E00E94C8524B015C01B801110F2D
:10458000880B990B0E94C8529B01AC01C501B40174
:104590000E94B05320E030E048EC52E40E941E52EA
:1045A0000E947D53F61608F46F2DAD81BE81DF9613
:1045B0006C9326960FB6F894DEBF0FBECDBFDF9189
:1045C000CF911F910F91FF90EF90DF90CF90BF9010
:1045D000AF909F908F907F906F905F904F903F90A3
:1045E0000895CF92DF92EF92FF92CF93DF93CDB7F2
:1045F000DEB768970FB6F894DEBF0FBECDBFCE0111
:1046000001960E944204C980DA80EB80FC80809190
:10461000130B882331F0B701A6018AE09BE00E94CA
:104620008E2180915F0B882331F0B701A60186E5CA
:104630009BE00E948E2168960FB6F894DEBF0FBEF5
:10464000CDBFDF91CF91FF90EF90DF90CF90089595
:104650001F93CF93DF93CDB7DEB768970FB6F8946B
:10466000DEBF0FBECDBF90E0009709F045C080913E
:10467000B10B9091B20B8230910580F1029799F1C4
:1046800084EF91E0A0E0B0E080935B0990935C0937
:10469000A0935D09B0935E0980935F0990936009D0
:1046A000A0936109B093620988E293E2909365094F
:1046B0008093640981E08093630980916609816039
:1046C0008D7F8B7F8093660968960FB6F894DEBF66
:1046D0000FBECDBFDF91CF911F91089585EB9AE07A
:1046E0000E947615CDCF81E08093B50A61E080917C
:1046F000B60A0E94D30BC4CF019731F7EBE8F6E07E
:10470000DE0111968BE197E044AD55AD66AD77AD16
:104710004D935D936D937D9378968E179F07A1F7C8
:104720008091B10B9091B20B81309105B9F0029755
:1047300009F442C08091130B882339F08AE09BE092
:104740000E9481128DE08093AE0A80915F0B8823D6
:1047500011F186E59BE00E9481121DC069817A817A
:104760008B819C810E94975281E08093130B862F4E
:1047700090E09093150B8093140B70E090E080E034
:104780000E94C652AB01BC018AE09BE00E948E21D0
:1047900085E10E947C15109297070E9416048FEC09
:1047A0009BE068960FB6F894DEBF0FBECDBFDF91D9
:1047B000CF911F910C94A91A88EE9AE00E940315DC
:1047C0008FEE9AE00E94031511E01093070B61E051
:1047D0008091060B0E94D30B1093090B61E080912E
:1047E000080B0E94D30B69817A818B819C810E9486
:1047F00097521092E00B10935F0B862F90E09093EE
:10480000610B8093600B70E090E080E00E94C652E4
:10481000AB01BC0186E59BE00E948E2187E1B9CF08
:104820008F929F92AF92BF92CF92DF92EF92FF92C0
:104830000F931F93CF93DF93CDB7DEB761970FB67A
:10484000F894DEBF0FBECDBF91E3892E94E4992E7C
:1048500099E4A92E90E5B92E89829A82AB82BC8216
:1048600091E09D834E835F83688779870A871B87E2
:104870002C873D87CE86DF86E88AF98AF12CE12CE9
:10488000882319F081E1E82EF12CCE0101966C010C
:1048900010E000E0F60191906F015701A00EB11EEB
:1048A000C5010E941A51981621F0692DC5010E9478
:1048B00022510F5F1F4F0131110561F761960FB64D
:1048C000F894DEBF0FBECDBFDF91CF911F910F9146
:1048D000FF90EF90DF90CF90BF90AF909F908F9020
:1048E0000895CF92DF92EF92FF920F931F93CF9391
:1048F000DF93EB01811145C090E080E06E0121E182
:10490000C20ED11C8E017C01EC1AFD0AC701800F7A
:10491000911F0E941A51F80181938F01EC15FD053A
:10492000A9F788819981AA81BB8181339444A944E4
:10493000B045E1F48C818130C9F46D817E818F8135
:1049400098850E944A12892B89F069857A858B8522
:104950009C850E944A12892B49F06D857E858F8542
:1049600098890E944A1221E0892B09F420E0822FC5
:10497000DF91CF911F910F91FF90EF90DF90CF903B
:10498000089581E190E0BACFFF920F931F93CF93E8
:10499000DF93CDB7DEB7C456D1090FB6F894DEBFAA
:1049A0000FBECDBFFC01F1804F2D50E08E010F5F97
:1049B0001F4FBC01C8010E9447558091C6008091DD
:1049C000C6008091C1008F778093C1008091C100A3
:1049D00088608093C100F8018E2F801B8F1588F4AA
:1049E00081918093C6008091C00086FFFCCF8091AA
:1049F000C00080648093C0008091C6008091C60092
:104A0000EBCFCC59DF4F0FB6F894DEBF0FBECDBF52
:104A1000DF91CF911F910F91FF900C9444122F9230
:104A20003F924F925F926F927F928F929F92AF923E
:104A3000BF92CF92DF92EF92FF920F931F93CF938B
:104A4000DF93CDB7DEB7C75FD1400FB6F894DEBFB6
:104A50000FBECDBF84E6E7E6F3E0DE01AB59BF4F02
:104A600001900D928A95E1F780E69AEEA0E0B0E021
:104A700080937F0990938009A0938109B093820964
:104A80008093830990938409A0938509B093860944
:104A90008DE991E1909389098093880910928709A3
:104AA00080918A0983608B7F80938A09A896EFADF5
:104AB000A897E550EA3308F05EC0F0E08827EC598B
:104AC000FA4D8F4F0C949051272ABB254D26BB25BC
:104AD000BB25BB25BB25BB25BB25BB25BB25BB25D6
:104AE000BB25E9250B26382642265626D525C42681
:104AF000082737279127BB25BB25A3270B28672825
:104B00009E258328B0283A29D628CC29BB25BB2549
:104B1000BB25FF29BB25BB25BB25BB25BB25BB254D
:104B2000332A432A4F2AFC2A6C2BA32C6B26F62C03
:104B3000D02DC22E0B2FCA2F8C309A30C090230458
:104B4000D0902404E0902504F090260461E2CE0188
:104B500001960E94D811CF82D886E986FA868BE02A
:104B60008A83CE0101960E94C111CE0101960E9456
:104B7000C42410926203C950DE4F0FB6F894DEBF12
:104B80000FBECDBFDF91CF911F910F91FF90EF909E
:104B9000DF90CF90BF90AF909F908F907F906F905D
:104BA0005F904F903F902F900895109223041092A1
:104BB0002404109225041092260461E2CE0101968D
:104BC0000E94D8111F82188619861A868BE08A8364
:104BD000B5C1CE0187539F4F0E94F60A88E0FE01BF
:104BE000E753FF4FDE01AC52BE4F01900D928A9504
:104BF000E1F762E1CE0101960E94D8118FE08A832D
:104C000088E0FE01EC52FE4FDE01179601900D92F6
:104C10008A95E1F793C11092230410922404109214
:104C2000250410922604A9969FADA9971092AD0A6B
:104C30001092AC0A9093AE0A9B3011F0973039F481
:104C4000AA968FADAA97869583708093DF0BAA965C
:104C50008FADAA9780FF0CC09B3051F48BE00E946F
:104C60004D19882329F00E941E0880E00E94A508A3
:104C70001091AE0A64E1CE0101960E94D8111F8303
:104C800088E0A5CF8091AE0A0E944D19882329F0B3
:104C90000E941E0880E00E94A508CE0101960E9495
:104CA0003912CE0101960E94C42465CF8091AE0ACC
:104CB0008B3019F08450833040F41092230410920A
:104CC0002404109225041092260460E085EE92E000
:104CD0000E940F1CE2CF81E08093820781E090E088
:104CE00090935407809353071092A20B1092400B9D
:104CF0001092AD0A1092AC0A1092660910927209D5
:104D000010927E0983ED9AE00E9438198AED9AE0AC
:104D10000E94381981EE9AE00E94381981EB9AE0DE
:104D20000E94761583EB9AE00E9476158AE09BE05C
:104D30000E9455128091550781608B7F80935507A3
:104D4000C0902307D0902407E0902507F090260715
:104D500020E030E040ED51E4C701B6010E947853F5
:104D6000181634F0C12CD12C30EDE32E31E4F32EA3
:104D7000C092C706D092C806E092C906F092CA0651
:104D80008AE10E947C1589CFE5E6F0E0EC0FFD1F7B
:104D90003396ABE8B6E085E690E08C0F9D1F4B960E
:104DA0004191519161917191DC964D935D936D9319
:104DB0007C93DF9758968E179F0791F788E1E5E679
:104DC000F0E0EC0FFD1F3396DE01AE5DBE4F0190AB
:104DD0000D928A95E1F768E1CE0101960E94D81103
:104DE0008FE18A8388E1FE01EE5DFE4FDE011796BA
:104DF00001900D928A95E1F7CE0101960E94C111B2
:104E0000CE0101960E94C42488E10E94A011B3CE75
:104E1000ABE8B6E0CE0187539F4F2BE137E0182F68
:104E2000092FDC964D915D916D917C91DF97FC018E
:104E30004193519361937193CF0158962A173B0781
:104E400081F788E1E12FF02FDE01A65FBE4F0190D0
:104E50000D928A95E1F769E1CE0101960E94D81181
:104E60008FE18A8388E1FE01E65FFE4FCDCEA996F1
:104E70006FADA9976093D30B862F90E0E091CF0B95
:104E8000F091D00B96838583E091D10BF091D20BFA
:104E900096838583AA968FADAA978093DB0B282FE4
:104EA00030E0E091D70BF091D80B36832583E09169
:104EB000D90BF091DA0B368325836093B70B80937F
:104EC000B80B87EB9AE00E94A013A9966FADA99743
:104ED0008EEB9AE00E94A013AA966FADAA9785EC7C
:104EE0009AE00E94A013AA966FADAA978CEC9AE064
:104EF0000E94A0130091BC0A1091CA0A6AE1CE0177
:104F000001960E94D81189E08A830F831887CE0109
:104F100001960E94C111CE0101960E94C4248AE12B
:104F200074CF0091BC0A1091CA0A6BE1CE010196C0
:104F30000E94D81189E08A830F831887CE010196D9
:104F40000E94C111AECEAA968EAD9FADAA97909346
:104F5000920680939106AC968EAD9FADAC979093E0
:104F60009B0680939A06AE968EAD9FADAE979093BA
:104F7000A4068093A306E0968EAD9FADE097909334
:104F8000AD068093AC06E2968EAD9FADE29790930E
:104F9000B3068093B206E4968EAD9FADE4979093EE
:104FA000B8068093B706E6968EAD9FADE6979093D0
:104FB000BD068093BC06E8968EAD9FADE8979093B2
:104FC000C2068093C10682E1E5E6F0E0EC0FFD1F2A
:104FD0003396DE01A957BE4F01900D928A95E1F7F5
:104FE0006EE1CE0101960E94D81189E18A8382E1A7
:104FF000FE01E957FE4FDE01179601900D928A954A
:10500000E1F7CE0101960E94C111CE0101960E94E6
:10501000C4248EE1FACE00919A0610919B06A091CD
:10502000A306B091A406E091AC06F091AD066091A4
:10503000B2067091B3064091B7065091B806209120
:10504000BC063091BD068091C1069091C206E090E9
:105050009106F0909206CB58DE4FF982E882C55750
:10506000D140C958DE4F19830883C757D140C7586C
:10507000DE4FB983A883C957D140C558DE4FF983A5
:10508000E883CB57D140C358DE4F79836883CD572F
:10509000D140C158DE4F59834883CF57D140CF57B5
:1050A000DE4F39832883C158D140CD57DE4F9983D5
:1050B0008883C358D1406FE1CE0101960E94D81178
:1050C00089E18A8382E1FE01EB58FE4F9DCDCE013E
:1050D00087539F4F0E94420488E1FE01E753FF4F30
:1050E000DE01AE50BF4F01900D928A95E1F760E26C
:1050F000CE0101960E94D8118FE18A8388E1FE01DA
:10510000EE50FF4F81CD05E610E00C0F1D1F0D5F27
:105110001F4FC8010E94710880E1F801DE01A75508
:10512000BE4F01900D928A95E1F762E2CE010196A1
:105130000E94D81180E1FE01E755FE4FDE0117966F
:1051400001900D928A95E1F787E18A83CE0101965D
:105150000E94C111CE0101960E94C42482E255CE64
:1051600080E1E7E5F7E0DE01A753BF4F01900D9224
:105170008A95E1F780E1FE01E753FF4FDE01A75674
:10518000BE4F01900D928A95E1F763E2CE01019640
:105190000E94D81180E1FE01E756FE4FDE0117960E
:1051A00001900D928A95E1F787E111CD60908F060D
:1051B0007090900680909806909099064090A10675
:1051C0005090A2060091AA061091AB068091AF06FE
:1051D0000E943D0C5C018091B4060E943D0C6C0164
:1051E0008091B9060E943D0C7C018091BE060E9410
:1051F0003D0CCD59DE4F79826882C356D140CB59E0
:10520000DE4F99828882C556D140C959DE4F5982F6
:105210004882C756D140C759DE4F19830883C95603
:10522000D140C559DE4FB982A882CB56D140C3596F
:10523000DE4FD982C882CD56D140C159DE4FF982A6
:10524000E882CF56D140CF58DE4F99838883C1572B
:10525000D14065E2CE0101960E94D81182E1FE01A3
:10526000ED59FE4FDE01179601900D928A95E1F7F8
:1052700089E1ADCCA9968FADA997982F9F779230F1
:1052800009F461C070F59923B1F1913009F449C076
:105290008091B70A9091C50A892B9091BE0A892BFB
:1052A0009091CC0A892B8093A20BCE0187539F4FFC
:1052B0000E94F60A88E0FE01E753FF4FDE01A45387
:1052C000BE4F01900D928A95E1F764E2CE010196FE
:1052D0000E94D8118FE08A8388E0FE01E453FE4FDC
:1052E00093CC933009F441C0943091F687FF4FC0BE
:1052F00081EE9AE004C087FF05C087EB9AE00E9428
:105300003819C6CF87EB9AE00E9403158091B80A3E
:105310008111E090BC0A6E2D87EB9AE00E94A013E9
:10532000B7CF87FF03C08EEB9AE0E9CF8EEB9AE010
:105330000E9403158091BF0A8111F090C30A6F2D5E
:105340008EEB9AE0EBCF87FF03C085EC9AE0D7CFD6
:1053500085EC9AE00E9403158091C60A81110091A4
:10536000CA0A602F85EC9AE0D9CF87FF03C08CEC86
:105370009AE0C5CF8CEC9AE00E9403158091CD0A8B
:1053800081111091D10A612F8CEC9AE0C7CF81EE88
:105390009AE00E9403157CCF81E20E94CD0A4C0165
:1053A00080E20E94CD0A5C01F0909307009194077F
:1053B00085E40E94CD0A6C0184E40E94CD0A9C0120
:1053C00091E0892809F090E010E090FB10F991E05D
:1053D000AB2809F090E090FB11F991E0CD2809F09D
:1053E00090E090FB12F991E0232B09F090E090FB04
:1053F00013F9F0FA14F900FB15F966E23CCC8BE0E6
:10540000E5E6F0E0EC0FFD1F3396DE01A754BE4F3A
:1054100001900D928A95E1F76AE2CE0101960E9411
:10542000D8118BE0FE01E754FE4FDE011796019084
:105430000D928A95E1F782E18A83CE0101960E945E
:10544000C111CE0101960E94C4248AE2DECC1092E2
:10545000230410922404109225041092260461E083
:1054600082EF92E035CC61E3CE0101960E94D81123
:105470008BE08A8386E190E0A4E0B1E08F83988797
:10548000A987BA875BCD62E3CE0101960E94D8114D
:105490008BE08A8387E395E3A0E0B0E0EFCFE4966A
:1054A0006CAD7DAD8EAD9FADE4970E94C6526B0191
:1054B0007C01E0966CAD7DAD8EAD9FADE0970E9416
:1054C000C6524B015C01AC966CAD7DAD8EAD9FAD0F
:1054D000AC970E94C6522B013C0120E030E84BEB18
:1054E00054E4C701B6010E94195287FF07C0C12CBE
:1054F00020E8D22E2BEBE22E24E4F22E20E030E83E
:105500004BEB54E4C501B4010E94195287FF07C058
:10551000812C90E8992E9BEBA92E94E4B92E20E0E3
:1055200030E84BEB54E4C301B2010E94195287FFEB
:1055300007C0412C80E8582E8BEB682E84E4782E2F
:10554000E8964CAD5DAD6EAD7FADE897EC968CAD59
:105550009DADAEADBFADEC97409267075092680726
:105560006092690770926A0780926B0790926C074D
:10557000A0926D07B0926E07C0926F07D09270072D
:10558000E0927107F0927207409377075093780783
:105590006093790770937A0780937B0790937C07D9
:1055A000A0937D07B0937E0784E1E5E6F0E0EC0F81
:1055B000FD1F3396DE01A15BBE4F01900D928A95CF
:1055C000E1F763E3CE0101960E94D8118BE18A8353
:1055D00084E1FE01E15BFE4FDE01179601900D9222
:1055E0008A95E1F7CE0101960E94C111CE01019684
:1055F0000E94C42483E309CC8091770790917807B7
:10560000A0917907B0917A07C452DE4F88839983BD
:10561000AA83BB83CC5DD14080917B0790917C07AE
:10562000A0917D07B0917E07C052DE4F8883998399
:10563000AA83BB83C05ED14060916F0770917007F1
:1056400080917107909172070E9497526B017C01C3
:1056500060916B0770916C0780916D0790916E0758
:105660000E9497524B015C01609167077091680737
:105670008091690790916A070E9497522B013C0123
:1056800064E3CE0101960E94D8118BE18A834F8298
:10569000588669867A868B869C86AD86BE86CF863E
:1056A000D88AE98AFA8AC452DE4F88819981AA8110
:1056B000BB81CC5DD1408B8B9C8BAD8BBE8BC052A4
:1056C000DE4F88819981AA81BB81C05ED1408F8BDA
:1056D000988FA98FBA8F32CCA9961FADA997AA9699
:1056E0000FADAA97AB965FADAB97AC964FADAC97AD
:1056F000AD963FADAD97AE962FADAE97AF969FAD41
:10570000AF97E0968FADE09719830A835B834C8354
:105710003D832E839F83888787EB9AE015FF07C11F
:105720000E9403158EEB9AE016FF04C10E94031538
:1057300085EC9AE017FF01C10E9403158CEC9AE0FA
:1057400000FFFEC00E9403156981617085E30E941D
:10575000D30B6A8163FB662760F987E10E94D30B54
:105760006A8166FB662760F986E10E94D30B698136
:1057700062FB662760F98FE10E94D30B6A8167FBA9
:10578000662760F981E10E94D30B6981669561709B
:105790008BE10E94D30B6A8162FB662760F988E186
:1057A0000E94D30B6A816695617089E10E94D30BD8
:1057B0006A816295617080E10E94D30B6A8165FB0A
:1057C000662760F98FE00E94D30B6B8161708EE0D9
:1057D0000E94D30B6B81669561708DE00E94D30BA4
:1057E0006B8162FB662760F98CE00E94D30B6B81B2
:1057F00067FB662760F985E20E94D30B6C816170BC
:1058000084E20E94D30B6C816695617087E20E94EE
:10581000D30B6C8162FB662760F986E20E94D30B92
:105820006C8163FB662760F989E20E94D30B6C816F
:105830006295617088E20E94D30B6C8165FB6627DC
:1058400060F98BE20E94D30B6C8166FB662760F9DE
:105850008AE20E94D30B6B8163FB662760F98CE2BE
:105860000E94D30B6B81629561708EE20E94D30B14
:105870006B8165FB662760F98DE20E94D30B6B811B
:1058800066FB662760F98FE20E94D30B698163FB98
:10589000662760F98DE10E94D30B69816295617082
:1058A0008EE10E94D30BC753DF4F1882C95CD040F2
:1058B000C653DF4F1882CA5CD040C553DF4F1882F1
:1058C000CB5CD040C453DF4F1882CC5CD040C35374
:1058D000DF4F1882CD5CD040C253DF4F1882CE5CC0
:1058E000D040C153DF4F1882CF5CD040C053DF4F50
:1058F0001882C05DD040CE0187539F4F0E94F60AA8
:1059000088E0FE01E753FF4FDE01AC53BE4F01902C
:105910000D928A95E1F765E3CE0101960E94D811B8
:105920008FE08A8388E0FE01EC53FE4F6DC90E9430
:105930003819F8CE0E943819FBCE0E943819FECED5
:105940000E94381901CFCE0101960E943912CE0172
:1059500001960E94C42410920A0862E576E083EC66
:1059600096E00E94B1176DE276E08BED96E00E9422
:10597000B11768E076E083EF96E00E94B11763EE1E
:1059800075E08BE097E00E94B1176EEB75E083E263
:1059900097E00E94B11769E975E08BE397E00E94F8
:1059A000B1178091650790916607B0E0A0E0809301
:1059B000FF0790930008A0930108B093020880931A
:1059C000030890930408A0930508B093060880E7A5
:1059D00097E1909309088093080810920708809136
:1059E0000A0883608B7F80930A08C5C8A9968FAD8B
:1059F000A997882309F4BFC0AA968FADAA97809370
:105A0000510AAB968FADAB978093520AAF968CAD8F
:105A10009DADAEADBFADAF978093530A9093540A3E
:105A2000A093550AB093560AE3968CAD9DADAEADEA
:105A3000BFADE3978093570A9093580AA093590AF1
:105A4000B0935A0AE7968CAD9DADAEADBFADE7976A
:105A500080935B0A90935C0AA0935D0AB0935E0A00
:105A6000EB968CAD9DADAEADBFADEB9780935F0A6D
:105A70009093600AA093610AB093620AEF968CAD8E
:105A80009DADAEADBFADEF978093630A9093640A6E
:105A9000A093650AB093660AC158DF4F8881998147
:105AA000AA81BB81CF57D0408093670A9093680A40
:105AB000A093690AB0936A0ACD57DF4F8881998114
:105AC000AA81BB81C358D04080936B0A90936C0A23
:105AD000A0936D0AB0936E0AC957DF4F88819981F0
:105AE000AA81BB81C758D04080936F0A9093700AF7
:105AF000A093710AB093720AC557DF4F88819981CC
:105B0000AA81BB81CB58D0408093730A9093740ACA
:105B1000A093750AB093760AC157DF4F88819981A7
:105B2000CF58D0409093780A8093770A1092AD0AAC
:105B30001092AC0A8EE08093AE0A0E941E0880E0AC
:105B40000E94A50889E2E5E6F0E0EC0FFD1F339620
:105B5000DE01A753BF4F01900D928A95E1F768E3EC
:105B6000CE0101960E94D81180E38A8389E2FE016A
:105B7000E753FF4F49C880919B0A8150833010F74B
:105B80001092A7091092A8091092A9091092AA09C7
:105B90000E94F21B85E080939B0A10929C0AD2CF50
:105BA00080919B0A815011E0833008F010E09091C1
:105BB000510AC452DE4F9883CC5DD1400091520A05
:105BC0004090530A5090540A6090550A7090560ABB
:105BD0008091570A9091580AA091590AB0915A0A97
:105BE000C052DE4F88839983AA83BB83C05ED140B5
:105BF00080915B0A90915C0AA0915D0AB0915E0A67
:105C0000CC51DE4F88839983AA83BB83C45ED14085
:105C100080915F0A9091600AA091610AB091620A36
:105C2000C851DE4F88839983AA83BB83C85ED14065
:105C30008091630A9091640AA091650AB091660A06
:105C4000C451DE4F88839983AA83BB83CC5ED14045
:105C50008091670A9091680AA091690AB0916A0AD6
:105C6000C051DE4F88839983AA83BB83C05FD14034
:105C700080916B0A90916C0AA0916D0AB0916E0AA6
:105C8000CC50DE4F88839983AA83BB83C45FD14005
:105C900080906F0A9090700AA090710AB090720A7A
:105CA000C090730AD090740AE090750AF090760A5A
:105CB0002090770A3090780A69E3CE0101960E941D
:105CC000D81180E38A831F83C452DE4F9881CC5D54
:105CD000D140988709874A865B866C867D86C0524C
:105CE000DE4F88819981AA81BB81C05ED1408E87B9
:105CF0009F87A88BB98BCC51DE4F88819981AA816F
:105D0000BB81C45ED1408A8B9B8BAC8BBD8BC85151
:105D1000DE4F88819981AA81BB81C85ED1408E8B7C
:105D20009F8BA88FB98FC451DE4F88819981AA813A
:105D3000BB81CC5ED1408A8F9B8FAC8FBD8FC05111
:105D4000DE4F88819981AA81BB81C05FD1408E8F4F
:105D50009F8FA8A3B9A3CC50DE4F88819981AA81D7
:105D6000BB81C45FD1408AA39BA3ACA3BDA38EA279
:105D70009FA2A8A6B9A6CAA6DBA6ECA6FDA63FA62A
:105D80002EA6DCC8F0909B0AE0909C0A80919D0AA8
:105D900090919E0AA0919F0AB091A00A892B8A2B0C
:105DA0008B2BA9F194E0F9121DC02091970A309134
:105DB000980A4091990A50919A0A0FEF1FEF211506
:105DC0003105A1E04A07510508F489016AE3CE01D3
:105DD00001960E94D8118BE08A83FF82E8861A8799
:105DE0000987ACC80E94670D00919D0A10919E0A18
:105DF00020919F0A3091A00A601B710B820B930BBC
:105E000028EE33E040E050E00E943B51D6CF20E046
:105E100030E0A901DACF0091790A10917A0A409016
:105E20007B0A50907C0A60907D0A70907E0A809078
:105E30007F0A9090800AA090810AB090820AC09058
:105E4000830AD090840AE090850AF090860A8091B7
:105E5000870A9091880AA091890AB0918A0AC4524F
:105E6000DE4F88839983AA83BB83CC5DD140809128
:105E70008B0A90918C0AA0918D0AB0918E0AC05223
:105E8000DE4F88839983AA83BB83C05ED140809113
:105E90008F0A9091900AA091910AB091920ACC51E8
:105EA000DE4F88839983AA83BB83C45ED1408091EF
:105EB000930A9091940AA091950AB091960AC851BC
:105EC000DE4F88839983AA83BB83C85ED1408091CB
:105ED000970A9091980AA091990AB0919A0AC45190
:105EE000DE4F88839983AA83BB83CC5ED1406BE36A
:105EF000CE0101960E94D81189E28A830F83188708
:105F000049865A866B867C868D869E86AF86B88A41
:105F1000C98ADA8AEB8AFC8AC452DE4F8881998169
:105F2000AA81BB81CC5DD1408D8B9E8BAF8BB88F0E
:105F3000C052DE4F88819981AA81BB81C05ED14069
:105F4000898F9A8FAB8FBC8FCC51DE4F888199811E
:105F5000AA81BB81C45ED1408D8F9E8FAF8FB8A3C5
:105F6000C851DE4F88819981AA81BB81C85ED1402A
:105F700089A39AA3ABA3BCA3C451DE4F88819981A6
:105F8000AA81BB81CC5ED1408DA39EA3AFA3B8A74D
:105F90000C949E2780919B0A8150833008F4BAC0EC
:105FA0003090790A332009F475C040907B0A5090F4
:105FB0007C0A60907D0A70907E0AC301B2010E9443
:105FC0004A12892B09F4A6C080907F0A9090800A1B
:105FD000A090810AB090820AC501B4010E944A12C1
:105FE000892B09F497C0C090830AD090840AE0906E
:105FF000850AF090860AC701B6010E944A12892BD1
:1060000009F488C0C301B2010E949752062FC5014E
:10601000B4010E949752162FC701B6010E949752F1
:1060200080917A0A811140C040921A0B50921B0B4A
:1060300060921C0B70921D0B80921E0B90921F0B96
:10604000A092200BB092210BC092220BD092230B76
:10605000E092240BF092250B0093450B1093460B16
:106060006093470B1092260B1092270B1092280B6F
:106070001092290B1092190B1092180B1092390BD9
:106080001092380B1092490B95018401B301A201C3
:106090000E9410246CE3CE0101960E94D81188E082
:1060A0008A833F820C949E274092660B5092670B26
:1060B0006092680B7092690B80926A0B90926B0BE6
:1060C000A0926C0BB0926D0BC0926E0BD0926F0BC6
:1060D000E092700BF092710B0093910B1093920B66
:1060E0006093930B1092720B1092730B1092740BBF
:1060F0001092750B1092650B1092640B1092850B29
:106100001092840B1092950B95018401B301A201AA
:1061100081E0BECF312CBECF80E00E944E116DE3F6
:10612000CE0101960E94D81188E08A8381E08F8396
:106130000C949E2785E1EDEBF7E0DE01A753BF4FFE
:1061400001900D928A95E1F71091D50785E1FE0146
:10615000E753FF4FDE01A65CBE4F01900D928A957A
:10616000E1F76EE3CE0101960E94D8118DE18A839A
:106170001F8385E1FE01E65CFE4FDE0118960C945C
:1061800006260C940F2585ED8093BC0080916F044A
:1061900090917004A0917104B09172040796A11DB2
:1061A000B11D23E0B695A795979587952A95D1F7C8
:1061B0002091BC0024FD03C010926D04089540910D
:1061C0006F04509170046091710470917204452BBA
:1061D000462B472B69F30097A105B10541F02AE250
:1061E0002A95F1F700C00197A109B109E1CF80918B
:1061F0006E040C94180EE7E6F3E084E6DF011D92CE
:106200008A95E9F7109220040C9444122F923F9241
:106210004F925F926F927F928F929F92AF92BF92B6
:10622000CF92DF92EF92FF920F931F93CF93DF9362
:10623000CDB7DEB7AE970FB6F894DEBF0FBECDBFB9
:106240008091AC0A9091AD0A009709F493C0019730
:1062500011F40C946C3E0E9461139091240480FB15
:1062600092F99093240485E40E94CD0A21E0892BC1
:1062700009F420E08091240420FB83F98093240416
:10628000209153073091540721153105A9F1109140
:10629000AE0A90918207992339F18091360980FDE9
:1062A00023C082FD21C040E355E760E070E04093E9
:1062B0002B0950932C0960932D0970932E0940935C
:1062C0002F095093300960933109709332094AE2E3
:1062D0005DE1509335094093340910923309816090
:1062E0008D7F8B7F809336092230310511F00C941D
:1062F0009A40812F0E944D1980912304909124048B
:10630000A0912504B0912604409163035091640349
:10631000609165037091660384179507A607B70718
:1063200059F021E020936203809363039093640308
:10633000A0936503B093660360E086E091E30E945A
:106340000309AE960FB6F894DEBF0FBECDBFDF9146
:10635000CF911F910F91FF90EF90DF90CF90BF9062
:10636000AF909F908F907F906F905F904F903F90F5
:106370002F9008958091AE0A8E3009F06CCFCE0137
:1063800001960E94420480919B0A8330A9F4809177
:10639000AB0A882309F45FCF8091A90A813051F0BC
:1063A00028F0823009F057CF86E001C084E0809366
:1063B0009B0A51CF85E0FBCF8150833008F04BCF53
:1063C000C980DA80EB80FC80C701B6010E944A12C6
:1063D000892B21F483E00E94FA1B3DCFC092A309D0
:1063E000D092A409E092A509F092A60920915F0A33
:1063F0003091600A4091610A5091620AC701B6016A
:106400000E94785318160CF037C02091630A30911F
:10641000640A4091650A5091660AC701B6010E945C
:10642000195287FF29C00E94670D4B015C018091C2
:106430009B0A813009F084C18091AA0A882309F45B
:1064400063C10E947F0C8091510A811117C0109284
:10645000AB09E091520AE830C0F4F0E08827EC5C28
:10646000FD4C8F4F0C949051423265336733693342
:106470006B336D336F33713384E0ADCF82E0809343
:10648000AB09E7CF87E08093AE091092AC0940904A
:10649000570A5090580A6090590A70905A0A4092D0
:1064A000A7095092A8096092A9097092AA090091BF
:1064B000770A1091780A2091670A3091680A409112
:1064C000690A50916A0A2D8F3E8F4F8F58A3809191
:1064D0006B0A90916C0AA0916D0AB0916E0A898F37
:1064E0009A8FAB8FBC8F20915B0A30915C0A4091F0
:1064F0005D0A50915E0A29A33AA34BA35CA3C09006
:10650000530AD090540AE090550AF090560A0E941F
:106510007F0CC092BF09D092C009E092C109F092ED
:10652000C209C092CF09D092D009E092D109F0926D
:10653000D20980E090E0A8ECB2E48093C309909384
:10654000C409A093C509B093C6094092C7095092E7
:10655000C8096092C9097092CA0989A19AA1ABA120
:10656000BCA18093CB099093CC09A093CD09B093A3
:10657000CE09298D3A8D4B8D5C8D2093310A309355
:10658000320A4093330A5093340A8D8D9E8DAF8D1D
:10659000B8A180932D0A90932E0AA0932F0AB0934E
:1065A000300A1093220A0093210AB80190E080E09B
:1065B0000E94C6522B013C012FE832EC45E75DE317
:1065C0000E94B0530E9497526B018B017093200A76
:1065D00060931F0A698D7A8D8B8D9C8D0E94C652A7
:1065E00020E034E244E759E40E94B053A301920151
:1065F0000E941E522B013C014092B7095092B809EB
:106600006092B9097092BA09B6016150710990E0BF
:1066100080E00E94C652A30192010E94B053609391
:10662000BB097093BC098093BD099093BE096D8D21
:106630007E8D8F8D98A10E94C65220E034E244E7FF
:1066400059E40E94B0536093B3097093B4098093E6
:10665000B5099093B609C11490E2D90608F044C078
:10666000C601880F991F880F991F009709F43FC032
:106670000E9422543C018093600370926103D09287
:106680005903C092580310925B0310925A03B6014B
:1066900090E080E00E94C65220E030E0A9010E9414
:1066A000B05360935C0370935D0380935E0390939B
:1066B0005F03F30190E080E008171907D9F0119209
:1066C0001192119211920196F7CF86E0DCCE89E00B
:1066D000DACE85E0D8CE82E0D6CE81E0D4CE84E09A
:1066E000D2CE1092AE09D1CE8FEF9FEFC1CF81E015
:1066F00090E0BECF8092A50A9092A60AA092A70A27
:10670000B092A80A82E053CE8091A10A9091A20A89
:10671000A091A30AB091A40A881A990AAA0ABB0AEE
:1067200080916F0A9091700AA091710AB091720ADB
:1067300088169906AA06BB0608F48DCD85E04BCED7
:10674000823009F088CD8091AA0A811102C086E0CA
:1067500042CE4091670A5091680A6091690A70912F
:106760006A0A80916B0A90916C0AA0916D0AB091AF
:106770006E0A840F951FA61FB71F4091730A509190
:10678000740A6091750A7091760A9A01AB01280F1C
:10679000391F4A1F5B1F8091A50A9091A60AA091FC
:1067A000A70AB091A80A881A990AAA0ABB0A6FEF29
:1067B0007FEFCB012833A9E83A07A1E44A07510546
:1067C00020F4A8EEB3E00E94305186169706A80682
:1067D000B90610F088E0FFCD0E945A0C2B013C0155
:1067E0008091350A9091360AA091370AB091380A03
:1067F00073016201C81AD90AEA0AFB0A8090390AB1
:1068000090903A0AA0903B0AB0903C0A80913D0AD1
:1068100090913E0AA0913F0AB091400AA3019201D3
:10682000281B390B4A0B5B0BDA01C9018093410A23
:106830009093420AA093430AB093440A8091AD0911
:10684000813009F414C160F0833011F40C94073ED8
:10685000843011F40C943C3E84E08093AD0936C141
:1068600081E08093AD0911E0C090A709D090A809FC
:10687000E090A909F090AA0920E030E0A901C70141
:10688000B6010E94195287FF02C00C945C3E20E0C2
:1068900030E048EC52E4C701B6010E947853181664
:1068A00034F4C12CD12C28ECE22E22E4F22EC0923A
:1068B000A709D092A809E092A909F092AA098091AB
:1068C000510AB701A60181110C94613E8AE09BE058
:1068D0000E943421123009F0BECC8091FF099091C2
:1068E000000AA091010AB091020A80937B0A90935A
:1068F0007C0AA0937D0AB0937E0A8091030A90914E
:10690000040AA091050AB091060A80937F0A909329
:10691000800AA093810AB093820A8091070A90911D
:10692000080AA091090AB0910A0A8093830A9093F9
:10693000840AA093850AB093860A80910B0A9091ED
:106940000C0AA0910D0AB0910E0A8093870A9093C9
:10695000880AA093890AB0938A0A8091130A9091B9
:10696000140AA091150AB091160A80938B0A90938D
:106970008C0AA0938D0AB0938E0A80910F0A909191
:10698000100AA091110AB091120A80938F0A909375
:10699000900AA093910AB093920A8091A3099091D2
:1069A000A409A091A509B091A6098093930A909398
:1069B000940AA093950AB093960A0E94670D0091DD
:1069C0009D0A10919E0A20919F0A3091A00A601B97
:1069D000710B820B930B28EE33E040E050E00E94F5
:1069E0003B512093970A3093980A4093990A509309
:1069F0009A0A60917B0A70917C0A80917D0A90913D
:106A00007E0A0E944A12892BC9F060917F0A709118
:106A1000800A8091810A9091820A0E944A12892BF1
:106A200069F06091830A7091840A8091850A90913F
:106A3000860A0E944A1221E0892B09F420E0209363
:106A4000790A1092A7091092A8091092A909109228
:106A5000AA090E94F21B8091790A81110C94653E6B
:106A600086E080939B0A82E080939C0AF4CB20917D
:106A7000CF093091D0094091D1095091D20960914C
:106A8000D3097091D4098091D5099091D6090E94BB
:106A900078531816ECF480912B0A90912C0A892BCC
:106AA000B9F40E947F0C8091210A9091220A0196EC
:106AB0009093240A8093230A81E090E090932C0A1B
:106AC00080932B0A8DE696E00E94FA1F14E0CCCE4C
:106AD000C301B201681979098A099B090E94C6524B
:106AE0004B015C01C701B6010E94C6526B017C01DB
:106AF0002091B3093091B4094091B5095091B6097C
:106B0000C501B4010E94785387FF02C00C94823DF6
:106B10002090230A3090240A31E02316310481F4B6
:106B20008091CB099091CC09A091CD09B091CE096B
:106B3000E091B109F091B20980839183A283B3837C
:106B4000A70196016091B7097091B8098091B909C0
:106B50009091BA090E94195218160CF4B7CF4092BE
:106B6000350A5092360A6092370A7092380A40917C
:106B7000210A5091220A5E8F4D8F4215530508F469
:106B80009EC78091D3099091D409A091D509B09165
:106B9000D6098DA39EA3AFA3B8A78090D7099090E4
:106BA000D809A090D909B090DA09E091AF09F09125
:106BB000B009C080D180E280F380C092D309D09226
:106BC000D409E092D509F092D60980915A039091A8
:106BD0005B03019690935B0380935A03A091580343
:106BE000B0915903BA8FA98F8A179B0720F0109292
:106BF0005B0310925A03E0916003F0916103FAA7DE
:106C0000E9A700915A0310915B03000F111F000FB9
:106C1000111F0E0F1F1FD8012D913D914D915C91B9
:106C2000C701B6010E94AC5120915C0330915D0315
:106C300040915E0350915F030E94AD5160935C03ED
:106C400070935D0380935E0390935F03F801C082AD
:106C5000D182E282F382298D3A8DB90190E080E001
:106C60000E94C6526BA77CA78DA79EA79B01AC0173
:106C700060915C0370915D0380915E0390915F036E
:106C80000E941E526B017C01C092D709D092D80994
:106C9000E092D909F092DA098091D3099091D40950
:106CA000A091D509B091D60989A39AA3ABA3BCA39F
:106CB0002DA13EA14FA158A5BC01CD010E94AC5110
:106CC0009B01AC015F772DA33EA34FA358A7A5015D
:106CD0009401C701B6010E94AC516B017C01E8949C
:106CE000F7F880904D0A90904E0AA0904F0AB0900D
:106CF000500AA50194016DA17EA18FA198A50E94C3
:106D000078531816E4F42091E7093091E80940918E
:106D1000E9095091EA096DA17EA18FA198A50E9471
:106D2000195287FF0CC08DA19EA1AFA1B8A5809379
:106D3000E7099093E809A093E909B093EA09A5014E
:106D40009401C701B6010E9478531816B4F420913B
:106D5000EB093091EC094091ED095091EE09C70122
:106D6000B6010E94195287FF08C0C092EB09D09269
:106D7000EC09E092ED09F092EE092114310409F0DA
:106D800061C010925B0310925A032BA53CA54DA540
:106D90005EA569A17AA18BA19CA10E94B0536093CA
:106DA0005C0370935D0380935E0390935F03E9A59A
:106DB000FAA5A98DBA8DA215B30561F029A13AA152
:106DC0004BA15CA121933193419351933FEF231A3F
:106DD000330AEFCF8091D3099091D409A091D509BE
:106DE000B091D6098093D7099093D809A093D90977
:106DF000B093DA098093E7099093E809A093E90931
:106E0000B093EA098093EB099093EC09A093ED0904
:106E1000B093EE098093FB099093FC09A093FD09C0
:106E2000B093FE0940923D0A50923E0A60923F0A9A
:106E30007092400A1092410A1092420A1092430A3C
:106E40001092440AC090D709D090D809E090D9098F
:106E5000F090DA0980915A0390915B030196498D75
:106E60005A8D8417950710F090E080E0880F991FE5
:106E7000880F991FA9A5BAA58A0F9B1FFC01208125
:106E8000318142815381C701B6010E94AC514B014F
:106E90005C018092F3099092F409A092F509B092F6
:106EA000F6090091AB092091FB093091FC09409152
:106EB000FD095091FE09298F3A8F4B8F5C8F6091AD
:106EC000E7097091E8098091E9099091EA094090F9
:106ED0004D0A50904E0A60904F0A7090500A02304E
:106EE00008F067C00E94AD51A30192010E94AD510C
:106EF0009B01AC0111E0C701B6010E94785318163E
:106F00000CF010E020E030E0A9016091130A7091CC
:106F1000140A8091150A9091160A0E941952811143
:106F20001AC01123C1F06091410A7091420A809108
:106F3000430A9091440A0E94C6522DEB37E346E87B
:106F400055E30E94B0536093130A7093140A809320
:106F5000150A9093160A6091EF097091F0098091DB
:106F6000F1099091F2090230D8F59B01AC01C301FF
:106F7000B2010E94AD519B01AC0111E0C501B40109
:106F80000E94785318160CF010E020E030E0A901C0
:106F9000C301B2010E94AD519B01AC01C501B40116
:106FA0000E94195287FF39C01092280A1092270AAE
:106FB00034C09B01AC01698D7A8D8B8D9C8D0E94B4
:106FC000AC51A30192010E94AC519B01AC01C701DD
:106FD000B6010E941952182F111F1127111F92CFAD
:106FE000A30192010E94AC519B01AC01C501B40107
:106FF0000E941952182F111F1127111FA30192016E
:1070000060E070E0CB010E94AC519B01AC01C50176
:10701000B4010E94785318163CF2112361F01092CB
:10702000280A1092270A8092EF099092F009A09204
:10703000F109B092F2098091270A9091280A0196ED
:107040009093280A8093270A0D7F09F075C02D8D33
:107050003E8D44E0369527954A95E1F782179307D0
:1070600009F06AC04D8D5E8D5093240A4093230A27
:107070008091410A9091420AA091430AB091440A3A
:107080008093450A9093460AA093470AB093480A12
:10709000C092DB09D092DC09E092DD09F092DE09B2
:1070A0008090EF099090F009A090F109B090F2095A
:1070B0002091490A30914A0A40914B0A50914C0A5A
:1070C000C501B4010E94B053A70196010E94AD51C1
:1070D0006093DF097093E0098093E1099093E209DE
:1070E000298D3A8D4B8D5C8D0E94AC51A501940188
:1070F0000E941E522091BB093091BC094091BD09EC
:107100005091BE090E94B0532DEB37E346E855E39A
:107110000E94B0532091130A3091140A4091150A2D
:107120005091160A0E94AC5160930F0A7093100A96
:107130008093110A9093120A8091230A9091240A55
:10714000013009F0DBC02D8D3E8D215031098217B1
:10715000930738F08D8D9E8D02979093240A80932B
:10716000230A2091310A3091320A4091330A50911A
:10717000340A60EA76E881E090E00E946C51009168
:10718000410A1091420A2091430A3091440A601743
:1071900071078207930708F0B1C060911F0A7091D0
:1071A000200A90E080E00E94C6524B015C012091D1
:1071B000E3093091E4094091E5095091E609C701DE
:1071C000B6010E94785318160CF021C32DEC3CEC4C
:1071D0004CE45EE3C501B4010E94B0532091EB0979
:1071E0003091EC094091ED095091EE090E94B053A5
:1071F000A70196010E94AD516093E3097093E409E1
:107200008093E5099093E6091092260A1092250AC8
:107210000091250A1091260A2AE939E949E95FE334
:10722000C501B4010E94B0530E9497520617170778
:1072300009F064C00F5F1F4F1093260A0093250AC0
:107240008D8D9E8D9093240A8093230A2091FB09B3
:107250003091FC094091FD095091FE096091D309DC
:107260007091D4098091D5099091D6090E94AC51B2
:107270002DEC3CEC4CE45DE30E94B0532091D70927
:107280003091D8094091D9095091DA090E94AD5145
:107290006093DF097093E0098093E1099093E2091C
:1072A0006091410A7091420A8091430A9091440A88
:1072B0000E94C6522DE636E545ED5FE30E94B053CD
:1072C0002DEB37E346E855E30E94B05328E93EE64C
:1072D00042E95EE30E94B0532091130A3091140AF0
:1072E0004091150A5091160A0E94AC5160930F0A02
:1072F0007093100A8093110A9093120A2091230A26
:107300003091240A8091210A9091220A2817390786
:1073100009F0DCC220910F0A3091100A4091110A45
:107320005091120A6091130A7091140A8091150A03
:107330009091160A0E941E526093170A7093180AC1
:107340008093190A90931A0A2091FB093091FC0945
:107350004091FD095091FE096091DF097091E009AB
:107360008091E1099091E2090E94AC512091BF09FE
:107370003091C0094091C1095091C2090E941E522A
:107380006B017C012091C7093091C8094091C9095E
:107390005091CA096091CB097091CC098091CD09B7
:1073A0009091CE090E94AC512091C3093091C4093B
:1073B0004091C5095091C6090E941E529B01AC0123
:1073C000C701B6010E941E529F7760930B0A70930B
:1073D0000C0A80930D0A90930E0A0E949206609305
:1073E000FF097093000A8093010A9093020A0E9499
:1073F00023056093030A7093040A8093050A90930F
:10740000060A0E9455046093070A7093080A809345
:10741000090A90930A0A8091AC098150833008F0E0
:10742000F1C10E94F61F88E196E00E94F009809168
:10743000AB098111F6C18FE096E00E94FA1F0E940D
:10744000F61F8DED95E00E94F0096091C7097091DB
:10745000C8098091C9099091CA0942E050E00E9490
:10746000282188EC95E00E94F0096091CB09709189
:10747000CC098091CD099091CE0942E050E00E9464
:10748000282183EB95E00E94F0092DEB37E346E8D5
:1074900055E36091B7097091B8098091B90990914D
:1074A000BA090E94B05344E050E00E9428210E9493
:1074B000F61F8091AC09833009F046C08091AB097A
:1074C0008D7F09F041C08EE995E00E94F00960913E
:1074D000450A7091460A8091470A9091480A0E9495
:1074E000C6522DEB37E346E855E30E94B05344E023
:1074F00050E00E94282189E895E00E94F0096091FF
:10750000EF097091F0098091F1099091F20943E03F
:1075100050E00E9426218091AB09823008F08EC194
:1075200084E895E00E94FA1F8AE695E00E94F0093F
:107530006091DB097091DC098091DD099091DE0991
:1075400043E050E00E94282185E595E00E94F00983
:107550006091FB097091FC098091FD099091FE09F1
:1075600043E050E00E9428218091AB09823008F06E
:1075700068C180E495E00E94F0096091DF09709194
:10758000E0098091E1099091E20943E050E00E9416
:10759000282186E195E00E94F0092091FB093091B5
:1075A000FC094091FD095091FE096091DF0970913D
:1075B000E0098091E1099091E2090E94AC5143E019
:1075C00050E00E9428210E94F61F81E095E00E9471
:1075D000F00960910B0A70910C0A80910D0A90914C
:1075E0000E0A43E050E00E9428218CEE94E00E94B5
:1075F000F0096091130A7091140A8091150A909114
:10760000160A43E050E00E94282187ED94E00E9492
:10761000F00960910F0A7091100A8091110A9091FF
:10762000120A43E050E00E9428210E94F61F209198
:10763000130A3091140A4091150A5091160A60916C
:107640000F0A7091100A8091110A9091120A0E94FB
:107650001E5220914D0A30914E0A40914F0A50918E
:10766000500A0E94AD516B017C012DEC3CEC47ECC3
:1076700052E40E947853181644F43DECC32E3CECBF
:10768000D32E37ECE32E32E4F32E82EC94E00E940A
:10769000F00941E050E0C701B6010E94262120E038
:1076A00030E040E45FE3C701B6010E94785318164A
:1076B0000CF0CAC08FEA94E00E94FA1F2DEB37E36A
:1076C00046E855E36091B7097091B8098091B9090E
:1076D0009091BA090E94B0539B01AC0160910F0ACE
:1076E0007091100A8091110A9091120A0E941E5204
:1076F0006B017C0187E694E00E94F00941E050E0D4
:10770000C701B6010E94262120E030E040E251E4AA
:10771000C701B6010E94785387FDA6C083E594E0B7
:107720000E94FA1F0E94F61F8FE294E00E94F00967
:107730008091AE0981119BC088E294E00E94FA1FFB
:1077400089EB93E00E94F0090E94920643E050E02A
:107750000E94282182EB93E00E94F0090E942305F9
:1077600043E050E00E9426218BEA93E00E94F0095A
:107770002091030A3091040A4091050A5091060AAB
:107780006091FF097091000A8091010A9091020AAC
:107790000E941E5243E050E00E94282184EA93E0B8
:1077A0000E94F0090E94550443E050E00E94262107
:1077B0008DE993E00E94F0098091AE09853008F0D0
:1077C00081C02091070A3091080A4091090A50911E
:1077D0000A0A6091FF097091000A8091010A909154
:1077E000020A0E941E5243E050E00E9428210E949B
:1077F000F61F8091230A9091240A01969093240AFF
:107800008093230A82E08093AD0912E02DC8809115
:10781000250A9091260A01969093260A8093250ABC
:10782000F7CC813019F486E096E007CE823019F467
:107830008CEF95E002CE82EF95E0FFCD8FE795E0EB
:1078400071CE8BE295E097CE20E030E040E85EE339
:10785000C701B6010E94785318161CF484E994E01D
:107860002BCF8CE794E028CF80E494E059CF81308F
:1078700019F48DE194E062CF823019F48DE094E048
:107880005DCF833019F48FEF93E058CF843019F433
:1078900085EF93E053CF853019F48FEE93E04ECF10
:1078A000863019F485EE93E049CF873019F486EDE0
:1078B00093E044CF883019F489EC93E03FCF80EC1B
:1078C00093E03CCF60E070E0CB018DCF2817390703
:1078D00008F0E5C08091AC098D7F813009F0DFC0F0
:1078E00086E993E00E94F0096091410A7091420A92
:1078F0008091430A9091440A0E94C6522DEB37E3CF
:1079000046E855E30E94B05344E050E00E9426212F
:107910008EE893E00E94F009E091B109F091B2097C
:10792000608171818281938142E050E00E94262132
:1079300087E893E00E94F0096091D3097091D4091F
:107940008091D5099091D60943E050E00E9426210C
:107950008091AC09833079F58091AB098D7F8130BE
:1079600051F58EE793E00E94F0096091E309709170
:10797000E4098091E5099091E60943E050E00E9416
:10798000262180E793E00E94F0096091250A70911A
:10799000260A90E080E04AE00E94062084E693E018
:1079A0000E94F0096091270A7091280A90E080E017
:1079B0004AE00E9406208091AC09833089F48091CE
:1079C000AB098D7F69F488E593E00E94F00960912E
:1079D000270A7091280A90E080E04AE00E94062081
:1079E00080E593E00E94F0096091F3097091F40939
:1079F0008091F5099091F60943E050E00E9426211C
:107A000026E636E646E65FE36091CF097091D0093D
:107A10008091D1099091D2090E94B0539B01AC0191
:107A20006091D3097091D4098091D5099091D609BC
:107A30000E947853181624F48BE493E00E94F00916
:107A40002091F7093091F8094091F9095091FA090C
:107A50006091F3097091F4098091F5099091F6090C
:107A60000E94AC516B017C0180904D0A90904E0AAF
:107A7000A0904F0AB090500A20E030E0A901C50163
:107A8000B4010E94AD519B01AC01C701B6010E9437
:107A90007853181614F586E493E00E94FA1F80913B
:107AA000F3099091F409A091F509B091F60980933A
:107AB000F7099093F809A093F909B093FA09809116
:107AC000230A9091240A01969093240A8093230A12
:107AD0001092AD0910E00C943434A501940160E0DB
:107AE00070E0CB010E94AC519B01AC01C701B60113
:107AF0000E94195287FF03C081E493E0CECF8CE34C
:107B000093E0CBCFA70196016091B7097091B809B6
:107B10008091B9099091BA090E941952181614F46B
:107B20000C94663580912B0A90912C0A892B11F0C8
:107B30000C9466358091C7099091C809A091C90934
:107B4000B091CA09E091B109F091B20980839183A3
:107B5000A283B3834092350A5092360A6092370A64
:107B60007092380AE091AF09F091B009808191815B
:107B7000A281B3818093D3099093D409A093D509AE
:107B8000B093D6098091AC098D7F813009F0A0CFE8
:107B900086E696E00E94F009A50194016091B30980
:107BA0007091B4098091B5099091B6090E94AC51C9
:107BB0002DEB37E346E855E30E94B05344E050E034
:107BC0000E9426218EE596E00E94F009E091B1091D
:107BD000F091B209608171818281938142E050E02D
:107BE0000E94262187E596E00E94F0096091D30962
:107BF0007091D4098091D5099091D60943E050E065
:107C00000E94262184E496E00E94FA1F61CF209111
:107C1000CF093091D0094091D1095091D20960919A
:107C2000D3097091D4098091D5099091D6090E9409
:107C30007853181614F00C942C3480912B0A9091E0
:107C40002C0A892B11F00C942C340E947F0C80910B
:107C5000210A9091220A01969093240A8093230A84
:107C600081E090E090932C0A80932B0A8DE296E0BD
:107C70000E94FA1F0C942C34C701B6010E94C65210
:107C80002091B7093091B8094091B9095091BA09CA
:107C90000E94785387FF02C00C9466354092350AE3
:107CA0005092360A6092370A7092380A83E08093C5
:107CB000AD0913E00C943434C12CD12C76010C9412
:107CC000573486E59BE00C94683484E080939B0AEB
:107CD00010929C0A0C942B31E091AE0AE150EE30E8
:107CE000E0F4F0E08827E858F14C8F4F0C94905165
:107CF000863E933EA13EAA3EAA3EB53EBE3EEA3E29
:107D0000F03EF83E263F8D3E8D3E2B3F8AED9AE0B9
:107D10000E94031587E00E947C151092AD0A109214
:107D2000AC0A0C942B318091FD0A882321F08DEF51
:107D30009AE00E94381986EF9AE00E94031589E0C4
:107D4000EACF1092B20B1092B10B90E080E00E944B
:107D5000FC1EE3CF82E090E09093B20B8093B10BD6
:107D60000E94FC1E0E94BB1ED8CF81E090E0909341
:107D7000B20B8093B10B90E080E0F2CF10929707A6
:107D80000E94160487ED9BE00E945E1B84EF91E049
:107D9000A0E0B0E08093730990937409A0937509F3
:107DA000B09376098093770990937809A093790925
:107DB000B0937A0984ED9AE190937D0980937C09D0
:107DC00010927B0980917E0981608D7F8B7F8093EB
:107DD0007E09A3CF83ED9AE00E94031583E19BCF38
:107DE0000E94F21B81EE9AE00E9403158BE093CF74
:107DF0000E94F21B8DEF9AE00E9403158FE00E9413
:107E00007C1580E49CE9A0E0B0E08093B3089093F7
:107E1000B408A093B508B093B6088093B7089093C0
:107E2000B808A093B908B093BA088DEC99E1909383
:107E3000BD088093BC0882E08093BB088091BE0897
:107E400081608D7F8B7F8093BE0867CF1092B20BCD
:107E50001092B10B90CFCE0101960E944204809106
:107E60009B0A8150833020F481E080939C0A55CF97
:107E7000C090530AD090540AE090550AF090560AE8
:107E8000C701B6010E944A12892B09F451C120E0B2
:107E900030E0A901C701B6010E94195218160CF072
:107EA00047C1C090570AD090580AE090590AF09004
:107EB0005A0AC701B6010E944A12892B09F438C137
:107EC00020E030E0A901C701B6010E94195287FDE8
:107ED0002FC120E030E048EC52E4C701B6010E9417
:107EE000785318160CF424C180905B0A90905C0AB9
:107EF000A0905D0AB0905E0AC501B4010E944A12CA
:107F0000892B09F415C120E030E0A901C501B401B5
:107F10000E94195287FD0CC120E030E048EC52E489
:107F2000C501B4010E94785318160CF401C1A501D3
:107F30009401C701B6010E941952882309F4F8C0C0
:107F4000C0905F0AD090600AE090610AF090620AE7
:107F5000C701B6010E944A12892B09F4E9C080903A
:107F6000630A9090640AA090650AB090660AC50101
:107F7000B4010E944A12892B09F4DAC0A5019401C8
:107F8000C701B6010E94785387FFD2C080916B0A67
:107F900090916C0AA0916D0AB0916E0A892B8A2B80
:107FA0008B2B09F4C5C080916F0A9091700AA09143
:107FB000710AB091720A892B8A2B8B2B09F4B8C0F5
:107FC0008091770A9091780AC297873B934008F096
:107FD000AFC0C980DA80EB80FC80C701B6010E9487
:107FE0004A12892B09F4A4C088E2E1E5FAE0DF0136
:107FF00001900D928A95E1F7C092A309D092A4094D
:10800000E092A509F092A6091092A7091092A8097A
:108010001092A9091092AA09E9E7FAE082E2DF01C9
:108020001D928A95E9F78091510A80937A0A1092FD
:108030009C0A20915F0A3091600A4091610A509138
:10804000620AC701B6010E947853181674F4209191
:10805000630A3091640A4091650A5091660AC7012B
:10806000B6010E94195287FD09C086E080939B0AE1
:1080700084E080939C0A0E94F21B4FCE0E94F21B68
:108080008091510A1092AA0A81114BC01092B20B32
:108090001092B10B90E080E00E94FC1E0E94BB1E7B
:1080A00080ED97E0A0E0B0E080938B0990938C097D
:1080B000A0938D09B0938E0980938F0990939009B6
:1080C000A0939109B093920989E591E19093950964
:1080D00080939409109293098091960981608D7F15
:1080E0008B7F809396090E94670D60939D0A709321
:1080F0009E0A80939F0A9093A00A6093A10A7093AE
:10810000A20A8093A30A9093A40A1092A50A10923F
:10811000A60A1092A70A1092A80A81E080939B0AEF
:10812000FCCD82E090E09093B20B8093B10BB4CF82
:1081300082E09BCE8CEF810F833028F01B3019F04A
:10814000992309F48CC080917F0790918007039751
:1081500009F485C080919607811105C010929A0894
:1081600010928E087CC0163009F491C020910B0744
:1081700030910C0740910D0750910E076091230735
:108180007091240780912507909126070E9419522B
:1081900087FF7DC081E08093050B61E08091040B37
:1081A0000E94D30B83EB9AE00E947615C090C30621
:1081B000D090C406E090C506F090C6068090C70631
:1081C0009090C806A090C906B090CA062091770783
:1081D000309178074091790750917A07C501B40131
:1081E0000E94AD51A70196010E94195218160CF475
:1081F0005BC010928E0800919A0800FD30C002FD0D
:108200002EC0E0907F07F0908007F701EE0FFF1F70
:10821000EE0FFF1FE959F84F6081718182819381D0
:108220000E94975260938F087093900880939108F2
:1082300090939208609393087093940880939508A4
:108240009093960885E89FE1909399088093980809
:10825000E092970801600D7F0B7F00939A08115000
:108260001B3010F00C947C31E12FF0E08827E45CA7
:10827000FE4B8F4F0C9490519D41AB41B641D04184
:10828000D041D441D8417C314E427C31D44184E04C
:108290009BE00E94701581E08093B30A61E08091B9
:1082A000B40A0E94D30B82CF10929A0820917B07C8
:1082B00030917C0740917D0750917E07C501B40144
:1082C0000E94AC51A70196010E94785387FD48CFC8
:1082D00000918E0800FDC3CF02FDC1CFE0907F0763
:1082E000F0908007F701EE0FFF1FEE0FFF1FE95917
:1082F000F84F60817181828193810E9497526093CF
:10830000830870938408809385089093860860930F
:108310008708709388088093890890938A0885E677
:108320009FE190938D0880938C08E0928B08016008
:108330000D7F0B7F00938E0892CF80E20E94CD0AC2
:10834000892B11F00C947C3160E087EF92E00E9461
:108350000F1C0C947C3184E40E94CD0A892B11F00F
:108360000C947C3160E085E093E0F1CF0E946113D2
:1083700090912304882339F091609093230460E066
:1083800083E193E0E4CF9E7F909323048091930751
:10839000882311F40C947C3160E089E393E0D7CF1B
:1083A0000E941B1D0C947C310E94581C0C947C3143
:1083B0000E946113882361F060E089E493E00E94E9
:1083C0000F1C809124048460809324040C947C31DD
:1083D00080919707811108C0809123048D7F8B7F46
:1083E000809323040C947C31209198063091990657
:1083F00080919A0690919B062817390708F43FC090
:1084000081E090E090939506809394068091940685
:108410009091950601970297B8F580912304877F84
:10842000809323048091520880FF02C00C947C3119
:1084300082FF02C00C947C3148EE53E060E070E0B3
:1084400040934708509348086093490870934A083E
:1084500040934B0850934C0860934D0870934E081E
:1084600025E931E1309351082093500810924F08CC
:1084700081608D7F8B7F809352080C947C311092A9
:10848000950610929406C2CF109252088091230450
:1084900083FF02C00C947C318860A2CF0E946113DC
:1084A000882311F40C947C318091B20880FF02C0C3
:1084B0000C947C3182FF02C00C947C3181EE9AE0F6
:1084C0000E94381983ED9AE00E94031587ED9BE026
:1084D0000E94A91A8DE00E947C1580E395E7A0E038
:1084E000B0E08093A7089093A808A093A908B09340
:1084F000AA088093AB089093AC08A093AD08B09302
:10850000AE0886EA9FE19093B1088093B00882E0BC
:108510008093AF088091B20881608D7F8B7F8093BC
:10852000B2080C947C311F920F920FB60F92112457
:108530002F933F938F939F93AF93BF938091180492
:1085400090911904A0911A04B0911B043091170462
:1085500023E0230F2D3758F50196A11DB11D20935F
:1085600017048093180490931904A0931A04B093ED
:108570001B0480911C0490911D04A0911E04B091D5
:108580001F040196A11DB11D80931C0490931D042E
:10859000A0931E04B0931F04BF91AF919F918F9140
:1085A0003F912F910F900FBE0F901F90189526E8C6
:1085B000230F0296A11DB11DD2CF1F920F920FB6AD
:1085C0000F9211240BB60F922F933F934F935F930B
:1085D0006F937F938F939F93AF93BF93EF93FF938B
:1085E000E0911E02F0911F021995FF91EF91BF914A
:1085F000AF919F918F917F916F915F914F913F913B
:108600002F910F900BBE0F900FBE0F901F901895DB
:108610001F920F920FB60F9211240BB60F922F9349
:108620003F934F935F936F937F938F939F93AF93FA
:10863000BF93EF93FF93E0911C02F0911D021995F7
:10864000FF91EF91BF91AF919F918F917F916F912A
:108650005F914F913F912F910F900BBE0F900FBEE6
:108660000F901F9018951F920F920FB60F92112422
:108670000BB60F922F933F934F935F936F937F931C
:108680008F939F93AF93BF93EF93FF93E091120269
:10869000F09113021995FF91EF91BF91AF919F91C6
:1086A0008F917F916F915F914F913F912F910F909B
:1086B0000BBE0F900FBE0F901F9018951F920F9238
:1086C0000FB60F9211240BB60F922F933F934F9337
:1086D0005F936F937F938F939F93AF93BF93EF932A
:1086E000FF93E0911002F09111021995FF91EF9123
:1086F000BF91AF919F918F917F916F915F914F91BA
:108700003F912F910F900BBE0F900FBE0F901F90B7
:1087100018951F920F920FB60F9211240BB60F925D
:108720002F933F934F935F936F937F938F939F9379
:10873000AF93BF93EF93FF93E0911A02F0911B0266
:108740001995FF91EF91BF91AF919F918F917F917B
:108750006F915F914F913F912F910F900BBE0F90B2
:108760000FBE0F901F9018951F920F920FB60F9289
:1087700011240BB60F922F933F934F935F936F93F8
:108780007F938F939F93AF93BF93EF93FF93E0916A
:108790001802F09119021995FF91EF91BF91AF91D5
:1087A0009F918F917F916F915F914F913F912F9109
:1087B0000F900BBE0F900FBE0F901F9018951F9239
:1087C0000F920FB60F9211240BB60F922F933F9377
:1087D0004F935F936F937F938F939F93AF93BF93C9
:1087E000EF93FF93E0911602F09117021995FF9114
:1087F000EF91BF91AF919F918F917F916F915F9119
:108800004F913F912F910F900BBE0F900FBE0F9085
:108810001F9018951F920F920FB60F9211240BB64E
:108820000F922F933F934F935F936F937F938F9309
:108830009F93AF93BF93EF93FF93E0911402F09156
:1088400015021995FF91EF91BF91AF919F918F9173
:108850007F916F915F914F913F912F910F900BBE40
:108860000F900FBE0F901F9018951F920F920FB68A
:108870000F9211240BB60F922F933F934F935F9358
:108880006F937F938F939F93AF93BF93EF93FF93D8
:1088900085E794E00E948109FF91EF91BF91AF912C
:1088A0009F918F917F916F915F914F913F912F9108
:1088B0000F900BBE0F900FBE0F901F9018951F9238
:1088C0000F920FB60F9211240BB60F922F938F9326
:1088D0009F93EF93FF93E0918504F091860480814C
:1088E000E0918B04F0918C0482FD1DC090818091F9
:1088F0008E048F5F8F7320918F04821741F0E09177
:108900008E04F0E0EB58FB4F958F80938E04FF911F
:10891000EF919F918F912F910F900BBE0F900FBEF3
:108920000F901F9018958081F2CF1F920F920FB673
:108930000F9211240BB60F922F933F934F935F9397
:108940006F937F938F939F93AF93BF93EF93FF9317
:108950008091B900887F803609F44DC008F040C08E
:10896000883209F4A9C028F5803109F49DC0C8F403
:10897000882309F4FBC0883009F496C0FF91EF9179
:10898000BF91AF919F918F917F916F915F914F9127
:108990003F912F910F900BBE0F900FBE0F901F9025
:1089A0001895883109F488C0803241F780934B04D0
:1089B00014C0803409F49DC040F48033B9F3883387
:1089C000E9F680934B0485ECB0C0803509F485C08E
:1089D000883509F496C0883489F60E94C330CECF1A
:1089E000883909F48CC038F5883729F050F4883676
:1089F00011F0803719F683E080936D0410920E0415
:108A000057C0883809F47BC0803919F0803809F0E4
:108A1000B5CF80910E04803208F071C0E0910E0451
:108A200081E08E0F80930E048091BB00F0E0E25154
:108A3000FC4F80833DC0803B39F0E0F4803A09F47C
:108A400079C0883A09F09ACF84E080936D0410923F
:108A5000ED031092EC03E0911304F09114041995C6
:108A60008091EC0381110FC081E08093EC031092A0
:108A7000CC0309C0803C09F4A6CF883C09F4A3CFFD
:108A8000883B09F07BCFE091ED0381E08E0F80936E
:108A9000ED03F0E0E453FC4F80818093BB009091A4
:108AA000ED038091EC0329C0809148048093BB00C2
:108AB00085EC8093BC0062CF90914A048091490478
:108AC000981758F5E0914A0481E08E0F80934A048C
:108AD000F0E0E95DFB4F8081E9CFE0914A0481E05D
:108AE0008E0F80934A048091BB00F0E0E95DFB4F5C
:108AF000808390914A04809149049817C8F285E8D0
:108B0000D8CFE0914A0481E08E0F80934A0480918F
:108B1000BB00F0E0E95DFB4F808380914C04811144
:108B20005CCF81E08093470484EA8093BC0010927C
:108B30006D0424CF85EC8093BC0010926D0480916D
:108B40000E04803230F4E0910E04F0E0E251FC4F6C
:108B5000108260910E0470E0E0911104F091120413
:108B60008EEE93E0199510920E0408CF10924B04EC
:108B700034CF1F920F920FB60F9211240BB60F92A3
:108B80002F933F934F935F936F937F938F939F9315
:108B9000AF93BF93CF93EF93FF938091C100806811
:108BA0008093C1008091C10088608093C100C09112
:108BB000C600809116088E7F80931608809120044D
:108BC000843658F0E7E6F3E084E6DF011D928A95EB
:108BD000E9F7109220040E944412E0912004E3304F
:108BE00020F0809168038093220481E08E0F8093AF
:108BF0002004F0E0E959FC4FC083909122048913CE
:108C00006BC090916703913009F05AC040EA5FE071
:108C100060E070E0409317085093180860931908BB
:108C200070931A0840931B0850931C0860931D080A
:108C300070931E082BEF30E3309321082093200817
:108C400010921F089091220893609B7F90932208B6
:108C500050E040E090E0BC0161507109252F30E008
:108C6000261737073CF429593C4FF9012081420F60
:108C70005F5FF4CF8A599C4FDC018C9160E0481310
:108C80001CC081EC90E30E940309109220040E9412
:108C90004412FF91EF91CF91BF91AF919F918F912E
:108CA0007F916F915F914F913F912F910F900BBEEC
:108CB0000F900FBE0F901F9018958BE192E1E3CFBC
:108CC000E7E6F3E084E6DF011D928A95E9F710926A
:108CD00020040E944412D9CF8AE090E0A0E0B0E0E6
:108CE00080930B0890930C08A0930D08B0930E0886
:108CF00080930F0890931008A0931108B093120866
:108D00008BEF90E39093150880931408109213084A
:108D10008091160881608D7F8B7F80931608B7CF76
:108D20001F920F920FB60F9211240BB60F92FF9263
:108D30000F931F932F933F934F935F936F937F9363
:108D40008F939F93AF93BF93CF93DF93EF93FF9353
:108D5000CFEFD7E010E000E08CE0F82EF09EF001BD
:108D6000F19EF00D1124E65FF74F808180FF23C054
:108D70008C819D81AE81BF810197A109B1098C834E
:108D80009D83AE83BF83892B8A2B8B2BA1F480819B
:108D90008460808381FF2DC088819981AA81BB81F5
:108DA0008C839D83AE83BF8389859A85009719F054
:108DB00068850E9403090F5F1F4F2C96033211052F
:108DC00069F6FF91EF91DF91CF91BF91AF919F91A4
:108DD0008F917F916F915F914F913F912F911F9153
:108DE0000F91FF900F900BBE0F900FBE0F901F9032
:108DF00018958E7F8083D8CF1F920F920FB60F9257
:108E000011240BB60F922F933F934F935F936F9361
:108E10007F938F939F93AF93BF93EF93FF93F0E074
:108E2000E0E01995FF91EF91BF91AF919F918F91E4
:108E30007F916F915F914F913F912F910F900BBE5A
:108E40000F900FBE0F901F9018951F920F920FB6A4
:108E50000F9211240BB60F922F933F934F935F9372
:108E60006F937F938F939F93AF93BF93EF93FF93F2
:108E7000F0E0E0E01995FF91EF91BF91AF919F91E4
:108E80008F917F916F915F914F913F912F910F90B3
:108E90000BBE0F900FBE0F901F901895FC0117820C
:108EA0001086108289E0838381E0848385838683B2
:108EB0001182168A158A8FEF838B148A72876187D5
:108EC00008951F93CF93DF93EC01162F60E0812F5D
:108ED0000E94010C612F70E0FB01E85CF84FE49107
:108EE000E883FB01EE50F94FE491F0E0EE0FFF1F35
:108EF000E852F94F859194919A8389831B861D8648
:108F00001C861A86198618861F821E821D821C8264
:108F10001B82DF91CF911F910895CF93DF93EC01D6
:108F2000862F49836A832B831C8220E830E03E83AE
:108F30002D83411103C061E00E94010CCE01DF913D
:108F4000CF910C9438193F924F925F926F927F921B
:108F50008F929F92AF92BF92CF92DF92EF92FF9249
:108F60000F931F93CF93DF93CDB7DEB72F970FB635
:108F7000F894DEBF0FBECDBF109278041092770434
:108F800088EE93E0A0E0B0E08093790490937A04B7
:108F9000A0937B04B0937C0420E432E03093760409
:108FA0002093750425ED30E03093820420938104F2
:108FB00024ED30E0309384042093830420ED30E0EE
:108FC000309386042093850421ED30E030938804AB
:108FD0002093870422ED30E030938A0420938904A3
:108FE00026ED30E030938C0420938B0410928E0495
:108FF00010928F0410929004109291041092150513
:10900000109214058093160590931705A0931805E8
:10901000B093190582E592E09093130580931205B1
:10902000EFEFF7E083EA99E0108211821282138257
:109030001482158216821782108612861186138674
:109040003C968E179F0781F7109296051092970510
:1090500010929805F89480917A00806880937A0045
:109060007894F89480917A008E7F80937A00809132
:109070007A00866080937A007894F89480917C00DE
:109080008F7780937C0080917C00806480937C004B
:1090900078946FE389E696E00E94614769E676E09E
:1090A00082E596E00E944E4761E484E496E00E94E7
:1090B000614764E476E08DE296E00E944E476EE3FD
:1090C0008FE196E00E9461476FE176E088E096E0EC
:1090D0000E944E4760E48AEF95E00E9461476AEF84
:1090E00075E083EE95E00E944E4763E485ED95E0E0
:1090F0000E94614765ED75E08EEB95E00E944E475A
:1091000062E480EB95E00E94614760EB75E089E9DD
:1091100095E00E944E4781E090E090938C0680930A
:109120008B0627E736E030938E0620938D0610924B
:10913000930690939506809394062CE736E030933F
:1091400097062093960610929C0690939E06809315
:109150009D0621E836E03093A00620939F061092EA
:10916000A5069093A7068093A60686E896E09093BE
:10917000A9068093A8061092AE068AE38093AF06F4
:109180001092B1061092B00684E190E09093B3067D
:109190008093B2062DE32093B4061092B606109287
:1091A000B5069093B8068093B70628E32093B906D6
:1091B0001092BB061092BA069093BD068093BC062F
:1091C0002CE32093BE061092C0061092BF06909327
:1091D000C2068093C106E3ECF6E083E597E040E049
:1091E00050E06AE774EC23E030E04083518362830F
:1091F00073831482158216821782138A358B248B0F
:10920000178A168A78968E179F0779F7C12CD12C6A
:1092100080E8E82E8FE3F82EC0927707D092780787
:10922000E0927907F0927A07C0927B07D0927C0790
:10923000E0927D07F0927E0705E00093810710928F
:10924000820710928307109284071092860710926B
:10925000850710928B0710928C0710928E07109240
:109260008D071092930710929407109295078AE049
:1092700090E0909388078093870790938A07809364
:1092800089078FE090E09093900780938F079093E9
:109290009207809391071092960710929707109269
:1092A0009807109299078AEB97E09093BC078093F8
:1092B000BB07EDEBF7E085E1DF011D928A95E9F749
:1092C0001092D2071092D3071092D4071092D507AC
:1092D0001092D60780E18093550787ED97E0909331
:1092E000F8078093F70780E28093F9071092FA0756
:1092F0001092FB071092FC071092FE071092FD07D8
:109300001092AD0A1092AC0A1092AE0A1092B00AF6
:109310001092AF0A85E38093B20A61E00E94010CCB
:1093200081EB9AE00E9476158FE18093B40A61E0A8
:109330000E94010C83EB9AE00E9476158BE18093EA
:10934000B60A61E00E94010C85EB9AE00E94761556
:1093500011E01093B80A8AE08093B90A1093BA0A10
:109360001092BB0A90E8A92EB12CB092BD0AA0922F
:10937000BC0A87EB9AE00E9438191093BF0A8BE071
:109380008093C00A82E08093C10A1092C20AB09210
:10939000C40AA092C30A8EEB9AE00E943819109377
:1093A000C60A28E0322E3092C70A34E0932E9092FB
:1093B000C80A1092C90AB092CB0AA092CA0A85ECD8
:1093C0009AE00E9438191093CD0A89E08093CE0A62
:1093D0000093CF0A1092D00AB092D20AA092D10A7A
:1093E0008CEC9AE00E94381923E040E069E183EDBB
:1093F0009AE00E948D4726E040E068E18AED9AE01D
:109400000E948D4727E040E067E181EE9AE00E94EC
:109410008D4728E040E060E188EE9AE00E948D47A9
:1094200029E040E06FE08FEE9AE00E948D472AE04D
:1094300040E066E186EF9AE00E948D472BE040E035
:1094400061E18DEF9AE00E948D478EE08093040BDE
:109450001092050B61E00E94010C84E09BE00E94E9
:1094600070158DE08093060B1092070B61E00E944F
:10947000010C86E09BE00E9470158CE08093080B45
:109480001092090B61E00E94010C88E09BE00E94B1
:10949000701524E632E030930B0B20930A0B8EE616
:1094A00092E090930D0B80930C0B90920E0B8BE639
:1094B00098E09093100B80930F0B82EA9EE19093BB
:1094C000120B8093110B1092130B1092150B10922C
:1094D000140B1092170B1092160B1092190B10927E
:1094E000180B1092260B1092270B1092280B10923B
:1094F000290B1092320B1092330B1092350B1092F5
:10950000340B1092390B1092380B10923A0B1092C8
:109510003B0B10923C0B10923D0B1092400B1092A3
:10952000480B1092490B90924A0B10924B0B1092E1
:10953000540B10924C0B10924D0B10924E0B10923C
:109540004F0B1092500B1092510B1092520B109225
:10955000530B1092550B812C912C40EAA42E40E421
:10956000B42E80921A0B90921B0BA0921C0BB092FF
:109570001D0B40E050E060E470E440931E0B5093FC
:109580001F0B6093200B7093210B4093220B509381
:10959000230B6093240B7093250BC0922E0BD0925B
:1095A0002F0BE092300BF092310BE8EE4E2EE3E001
:1095B0005E2E612C712C40922A0B50922B0B6092E4
:1095C0002C0B70922D0B84E690E09093370B8093D8
:1095D000360B3093570B2093560B26E632E0309330
:1095E000590B2093580B30925A0B2FE538E03093EB
:1095F0005C0B20935B0B29E03EE130935E0B2093E4
:109600005D0B10925F0B1092610B1092600B109229
:10961000630B1092620B1092650B1092640B109208
:10962000720B1092730B1092740B1092750B1092B8
:109630007E0B1092810B1092800B1092850B109272
:10964000840B1092860B1092870B1092880B10924D
:10965000890B10928C0B1092940B1092950B3092F8
:10966000960B1092970B1092A00B1092980B1092E1
:10967000990B10929A0B10929B0B10929C0B1092CC
:109680009D0B10929E0B10929F0B1093A10B80923A
:10969000660B9092670BA092680BB092690B409397
:1096A0006A0B50936B0B60936C0B70936D0B409334
:1096B0006E0B50936F0B6093700B7093710BC09295
:1096C0007A0BD0927B0BE0927C0BF0927D0B409258
:1096D000760B5092770B6092780B7092790B909387
:1096E000830B8093820B10937F0B1092A20B198631
:1096F00086E489838A8398EC9B839CED9C838D838D
:109700008E830F839EE198870A879B872EEE32E037
:109710003D872C8722E330E03F872E879FE0FE01C4
:109720003196A3EBBBE001900D929A95E1F7109270
:10973000C40B1092C60B1092C50B1092C80B10925E
:10974000C70B1092C90B1092CA0B1092CB0B109240
:10975000CD0B1092CC0B1092CE0B8093C20B80934A
:10976000C30B87EB9AE09093D00B8093CF0B8EEBDB
:109770009AE09093D20B8093D10B10E81093D30B07
:109780001092D40B1092D50B1092D60B87EB9AE067
:109790000E9438198091D10B9091D20B0E943819F8
:1097A00085EC9AE09093D80B8093D70B8CEC9AE0E1
:1097B0009093DA0B8093D90B1093DB0B1092DC0B98
:1097C0001092DD0B1092DE0B85EC9AE00E943819A6
:1097D0008091D90B9091DA0B0E9438191092DF0B0F
:1097E0001092E00B1092AA0A1092AB0A1092A309F1
:1097F0001092A4091092A5091092A6091092A70927
:109800001092A8091092A9091092AA091092F709BA
:109810001092F8091092F9091092FA091092240A8C
:109820001092230A1092260A1092250A1092280AF2
:109830001092270A10922A0A1092290A10922C0AD2
:1098400010922B0A1092350A1092360A1092370A9B
:109850001092380A1092390A10923A0A10923B0A72
:1098600010923C0A80EE9CE9A9E8B0E48093490A92
:1098700090934A0AA0934B0AB0934C0A87E197EB66
:10988000A1EDB8E380934D0A90934E0AA0934F0A3E
:10989000B093500A83EA99E09093B0098093AF099E
:1098A00087EA99E09093B2098093B10987E08093A9
:1098B000AE091092AB091092AC090E947F0C109275
:1098C000510A1092520A80E090E0A8ECB2E4809332
:1098D000530A9093540AA093550AB093560A1092D3
:1098E000570A1092580A1092590A10925A0A80E0A8
:1098F00090E0A8E4B2E480935B0A90935C0AA093A2
:109900005D0AB0935E0A80925F0A9092600AA0920C
:10991000610AB092620A80E090E0A4EBB2E4809326
:10992000630A9093640AA093650AB093660A8CE375
:1099300090E0A0E0B0E08093670A9093680AA0935B
:10994000690AB0936A0A48E057E060E070E040932B
:109950006B0A50936C0A60936D0A70936E0A40E331
:1099600055E760E070E040936F0A5093700A60938F
:10997000710A7093720A8093730A9093740AA09389
:10998000750AB093760A8CE291E09093780A8093FE
:10999000770A1092790A10927A0A10927B0A109232
:1099A0007C0A10927D0A10927E0A10927F0A109211
:1099B000800A1092810A1092820A1092830A1092F1
:1099C000840A1092850A1092860A1092870A1092D1
:1099D000880A1092890A10928A0A10928B0A1092B1
:1099E0008C0A10928D0A10928E0A10928F0A109291
:1099F000900A1092910A1092920A1092930A109271
:109A0000940A1092950A1092960A1092970A109250
:109A1000980A1092990A10929A0A10929B0A109230
:109A20009C0A10929D0A10929E0A10929F0A109210
:109A3000A00A1092A10A1092A20A1092A30A1092F0
:109A4000A40A1092A50A1092A60A1092A70A1092D0
:109A5000A80A1092A90A2F960FB6F894DEBF0FBE7F
:109A6000CDBFDF91CF911F910F91FF90EF90DF90CD
:109A7000CF90BF90AF909F908F907F906F905F90AE
:109A80004F903F900895CF93DF93CDB7DEB76197A6
:109A90000FB6F894DEBF0FBECDBF789484B5826058
:109AA00084BD84B5816084BD85B5826085BD85B582
:109AB000816085BD80916E00816080936E00109200
:109AC000810080918100826080938100809181007B
:109AD000816080938100809180008160809380000C
:109AE0008091B10084608093B1008091B00081606A
:109AF0008093B0008091910082608093910080916A
:109B000091008160809391008091900081608093AA
:109B100090008091A10082608093A1008091A100BB
:109B200081608093A1008091A00081608093A0005B
:109B300080912101826080932101809121018160C7
:109B40008093210180912001816080932001809188
:109B50007A00846080937A0080917A00826080939A
:109B60007A0080917A00816080937A0080917A00F7
:109B7000806880937A001092C10061E08DE10E94BC
:109B8000010C60E08DE10E94D30B61E08EE10E9448
:109B9000010C60E08EE10E94D30B2FEF83ED90E388
:109BA000215080409040E1F700C000001092C100B9
:109BB0001092C00086E08093C2001092C50087E634
:109BC0008093C40088E98093C1000E944412809170
:109BD00020018C7F8093200189E1809321018FE710
:109BE0009EE3909327018093260180912101877045
:109BF00080930F04809173008260809373008AE0E9
:109C00009BE00E94371386E59BE00E94371380EDAE
:109C100097E0A0E0B0E08093430990934409A093BB
:109C20004509B09346098093470990934809A0934A
:109C30004909B0934A098FE293E190934D098093CB
:109C40004C0910924B0980914E0983608B7F809361
:109C50004E09FE0131967F0181E111928A95E9F763
:109C6000B70180E00E947124882309F446C08E84E5
:109C70009F84A888B9884A845B846C847D846E81C3
:109C80007F818885998560931A0B70931B0B809355
:109C90001C0B90931D0B40921E0B50921F0B609259
:109CA000200B7092210B8092220B9092230BA0929A
:109CB000240BB092250B0E9497526093450BC30171
:109CC000B2010E9497526093460BC501B4010E94F5
:109CD00097526093470B1092260B1092270B10920D
:109CE000280B1092290B1092190B1092180B10923E
:109CF000390B1092380B1092490BB70181E00E948A
:109D00007124882309F446C08E849F84A888B9886A
:109D10004A845B846C847D846E817F81888599858B
:109D20006093660B7093670B8093680B9093690B3D
:109D300040926A0B50926B0B60926C0B70926D0BA1
:109D400080926E0B90926F0BA092700BB092710B81
:109D50000E9497526093910BC301B2010E949752E7
:109D60006093920BC501B4010E9497526093930BCC
:109D70001092720B1092730B1092740B1092750B61
:109D80001092650B1092640B1092850B1092840B4D
:109D90001092950B10925607809165079091660777
:109DA000892B31F488EE93E09093660780936507E2
:109DB0008091650790916607B0E0A0E08093FF076F
:109DC00090930008A0930108B093020880930308C1
:109DD00090930408A0930508B093060880E797E1E4
:109DE00090930908809308081092070880910A0848
:109DF00083608B7F80930A0862E082E10E94010CFD
:109E000062E083E10E94010C62E081E20E94010CA9
:109E100062E080E20E94010C62E085E40E94010C95
:109E200062E084E40E94010C62E083E20E94010C83
:109E300062E082E20E94010C62E576E083EC96E04B
:109E40000E94B1176DE276E08BED96E00E94B117AB
:109E500068E076E083EF96E00E94B11763EE75E06C
:109E60008BE097E00E94B1176EEB75E083E297E01C
:109E70000E94B11769E975E08BE397E00E94B11782
:109E800043E85DE062E180918D0690918E060E942C
:109E900015154BE85DE063E1809196069091970679
:109EA0000E94151544E1E42EF12CF0929206E09206
:109EB0009106F0929B06E0929A0643E95DE062E02B
:109EC00080919F069091A0060E9415154BE95DE0D8
:109ED00063E08091A8069091A9060E941515F09262
:109EE000A406E092A306F092AD06E092AC0688EEDE
:109EF00093E0A0E0B0E08093230890932408A0931F
:109F00002508B09326088093270890932808A093EB
:109F10002908B0932A088DE591E190932D0880934C
:109F20002C0810922B0880912E0883608B7F8093E1
:109F30002E08F092B306E092B206F092B806E092D4
:109F4000B706F092BD06E092BC068091630790913F
:109F50006407892B31F484E690E090936407809342
:109F6000630788EE93E0A0E0B0E0809377089093D9
:109F70007808A0937908B0937A0880937B0890932F
:109F80007C08A0937D08B0937E0881EF92E29093C5
:109F900081088093800810927F08809182088360F6
:109FA0008B7F8093820884E190E0A0E0B0E0809312
:109FB000370990933809A0933909B0933A098093EF
:109FC0003B0990933C09A0933D09B0933E0984E876
:109FD00094E1909341098093400910923F09809148
:109FE000420983608B7F809342098091550784608A
:109FF0008093550780E292E00E94710810927304EA
:10A000001092740410921604109215040E94FA0D16
:10A0100083EA9DE0909314048093130484EA9DE006
:10A0200090931204809311041092100488EA91E630
:10A03000A0E0B0E080936F0490937004A09371044B
:10A04000B093720481E080936E0440E250E06FEFC1
:10A0500070E08AE997E00E9450552AE9822E27E0B5
:10A06000922E540130E2F32E0E942A0F61E08F2DD0
:10A070000E94390E1092730480937404813009F0A9
:10A08000B0C082E195E00E94170FF5018083F39440
:10A09000FFEFAF1ABF0A20E4F212E6CF80E0F4012E
:10A0A00091914F01913009F09FC0805E8093D2075B
:10A0B0001092D3070E94AA1880E6882E8AEE982E66
:10A0C000A12CB12C8092970990929809A09299099D
:10A0D000B0929A0980929B0990929C09A0929D0946
:10A0E000B0929E0986E399E19093A1098093A0091B
:10A0F00010929F098091A20983608B7F8093A209AF
:10A1000060E086E091E30E94030980927F099092CB
:10A110008009A0928109B09282098092830990926D
:10A120008409A0928509B09286098DE991E1909306
:10A130008909809388091092870980918A09836030
:10A140008B7F80938A0984E190E0A0E0B0E0809367
:10A150009B0890939C08A0939D08B0939E088093C1
:10A160009F089093A008A093A108B093A20883E74A
:10A170009DE09093A5088093A4081092A308809175
:10A18000A60883608B7F8093A60893E0F92E9091B8
:10A1900096058091970598132DC080919805882386
:10A1A00071F19FB7F894E091960580919705E817B3
:10A1B00051F181E08E0F80939605EF9DF0011124FF
:10A1C000E25EFA4F00811181D280883211F4109240
:10A1D00096059FBF0115110591F08D2DF801199578
:10A1E0000EC00E942A0F53CF8F5F803209F057CFE5
:10A1F00080E05CCF9817A8F2885D9813D2CFA8951D
:10A200000E94350AC4CF80919805882311F381E01C
:10A210008E0F80939605EF9DF0011124E25EFA4FB8
:10A2200000811181D280883211F41092960510922B
:10A230009805CFCFF999FECF92BD81BDF89A9927A5
:10A2400080B50895262FF999FECF1FBA92BD81BD22
:10A2500020BD0FB6F894FA9AF99A0FBE01960895A8
:10A260000E945D51A59F900DB49F900DA49F800DFD
:10A27000911D11240895A1E21A2EAA1BBB1BFD01FA
:10A280000DC0AA1FBB1FEE1FFF1FA217B307E407D5
:10A29000F50720F0A21BB30BE40BF50B661F771F2D
:10A2A000881F991F1A9469F760957095809590950D
:10A2B0009B01AC01BD01CF010895A29FB001B39FE6
:10A2C000C001A39F700D811D1124911DB29F700DBF
:10A2D000811D1124911D0895DB018F939F930E948E
:10A2E0003051BF91AF91A29F800D911DA39F900D02
:10A2F000B29F900D1124089597FB072E16F4009439
:10A3000007D077FD09D00E94985107FC05D03EF494
:10A31000909581959F4F0895709561957F4F089511
:10A32000EE0FFF1F881F8BBF0790F691E02D199449
:10A33000AA1BBB1B51E107C0AA1FBB1FA617B7076B
:10A3400010F0A61BB70B881F991F5A95A9F7809587
:10A350009095BC01CD0108955058BB27AA270E94B3
:10A36000C4510C943E530E94305338F00E9437532E
:10A3700020F039F49F3F19F426F40C942D530EF479
:10A38000E095E7FB0C942753E92F0E944F5358F3B5
:10A39000BA17620773078407950720F079F4A6F5CA
:10A3A0000C9471530EF4E0950B2EBA2FA02D0B01D7
:10A3B000B90190010C01CA01A0011124FF27591B0A
:10A3C00099F0593F50F4503E68F11A16F040A22F10
:10A3D000232F342F4427585FF3CF46953795279581
:10A3E000A795F0405395C9F77EF41F16BA0B620B80
:10A3F000730B840BBAF09150A1F0FF0FBB1F661FC7
:10A40000771F881FC2F70EC0BA0F621F731F841F09
:10A4100048F4879577956795B795F7959E3F08F02F
:10A42000B0CF9395880F08F09927EE0F97958795F1
:10A4300008950E94035308F481E008950E94325267
:10A440000C943E530E94375358F00E94305340F012
:10A4500029F45F3F29F00C94275351110C94725347
:10A460000C942D530E944F5368F39923B1F3552355
:10A4700091F3951B550BBB27AA2762177307840717
:10A4800038F09F5F5F4F220F331F441FAA1FA9F3AD
:10A4900035D00E2E3AF0E0E832D091505040E6959B
:10A4A000001CCAF72BD0FE2F29D0660F771F881FFC
:10A4B000BB1F261737074807AB07B0E809F0BB0BEF
:10A4C000802DBF01FF2793585F4F3AF09E3F510503
:10A4D00078F00C9427530C9472535F3FE4F3983E4A
:10A4E000D4F3869577956795B795F7959F5FC9F7EC
:10A4F000880F911D9695879597F90895E1E0660F6D
:10A50000771F881FBB1F621773078407BA0720F0E5
:10A51000621B730B840BBA0BEE1F88F7E09508954E
:10A520000E9497526894B1110C94725308950E943E
:10A53000575388F09F5798F0B92F9927B751B0F02B
:10A54000E1F0660F771F881F991F1AF0BA95C9F7B7
:10A5500014C0B13091F00E947153B1E008950C9491
:10A560007153672F782F8827B85F39F0B93FCCF344
:10A57000869577956795B395D9F73EF49095809534
:10A58000709561957F4F8F4F9F4F0895E89409C054
:10A5900097FB3EF490958095709561957F4F8F4F16
:10A5A0009F4F9923A9F0F92F96E9BB279395F6952C
:10A5B000879577956795B795F111F8CFFAF4BB0FAA
:10A5C00011F460FF1BC06F5F7F4F8F4F9F4F16C00E
:10A5D000882311F096E911C0772321F09EE8872F98
:10A5E000762F05C0662371F096E8862F70E060E054
:10A5F0002AF09A95660F771F881FDAF7880F9695CD
:10A60000879597F90895990F0008550FAA0BE0E870
:10A61000FEEF16161706E807F907C0F01216130624
:10A62000E407F50798F0621B730B840B950B39F464
:10A630000A2661F0232B242B252B21F408950A26CA
:10A6400009F4A140A6958FEF811D811D089597F90A
:10A650009F6780E870E060E008959FEF80EC0895C8
:10A6600000240A94161617061806090608950024F1
:10A670000A9412161306140605060895092E03946B
:10A68000000C11F4882352F0BB0F40F4BF2B11F4DF
:10A6900060FF04C06F5F7F4F8F4F9F4F089557FD3E
:10A6A0009058440F551F59F05F3F71F04795880F40
:10A6B00097FB991F61F09F3F79F0879508951216D7
:10A6C00013061406551FF2CF4695F1DF08C0161683
:10A6D00017061806991FF1CF869571056105089434
:10A6E0000895E894BB2766277727CB0197F908954B
:10A6F0000E94035308F48FEF08950E94575358F1B6
:10A700009E5760F19851A0F0E9F0983020F5092E9D
:10A710009927660F771F881F991F0A94D1F712C0D7
:10A72000062E672F782F8827985F11F4000C07C03A
:10A73000993FB4F38695779567959395D9F7611D01
:10A74000711D811D3EF490958095709561957F4FA8
:10A750008F4F9F4F089568940C9472530C947153CB
:10A760000E94C3530C943E530E94305338F00E9411
:10A77000375320F0952311F00C9427530C942D534C
:10A7800011240C9472530E944F5370F3959FC1F3A0
:10A79000950F50E0551F629FF001729FBB27F00D8F
:10A7A000B11D639FAA27F00DB11DAA1F649F6627E4
:10A7B000B00DA11D661F829F2227B00DA11D621F33
:10A7C000739FB00DA11D621F839FA00D611D221FED
:10A7D000749F3327A00D611D231F849F600D211DD1
:10A7E000822F762F6A2F11249F5750409AF0F1F054
:10A7F00088234AF0EE0FFF1FBB1F661F771F881FBD
:10A8000091505040A9F79E3F510580F00C9427537A
:10A810000C9472535F3FE4F3983ED4F3869577959A
:10A820006795B795F795E7959F5FC1F7FE2B880F62
:10A83000911D9695879597F908950E940353880B6B
:10A84000990B08950F931F93CF93DF938230910557
:10A8500010F482E090E0E091E30BF091E40B30E043
:10A8600020E0B0E0A0E0309799F42115310509F41B
:10A870004AC0281B390B24303105D8F58A819B81C9
:10A880006115710589F1FB0193838283FE0111C07B
:10A89000408151810281138148175907E0F0481720
:10A8A000590799F4109761F012960C93129713962A
:10A8B0001C933296CF01DF91CF911F910F91089594
:10A8C0000093E30B1093E40BF4CF2115310551F005
:10A8D0004217530738F0A901DB019A01BD01DF01DE
:10A8E000F801C1CFEF01F9CF9093E40B8093E30B14
:10A8F000CDCFFE01E20FF31F8193919322503109D6
:10A9000039832883D7CF2091E10B3091E20B232BA1
:10A9100041F420913202309133023093E20B2093C4
:10A92000E10B20913002309131022115310541F4C3
:10A930002DB73EB74091340250913502241B350BA0
:10A94000E091E10BF091E20BE217F307A0F42E1B6C
:10A950003F0B2817390778F0AC014E5F5F4F241783
:10A96000350748F04E0F5F1F5093E20B4093E10B09
:10A97000819391939FCFF0E0E0E09CCFCF93DF9362
:10A980000097E9F0FC01329713821282A091E30B49
:10A99000B091E40BED0130E020E01097A1F42081AC
:10A9A0003181820F931F2091E10B3091E20B281728
:10A9B000390709F061C0F093E20BE093E10BDF91FE
:10A9C000CF910895EA01CE17DF07E8F54A815B8150
:10A9D0009E0141155105B1F7E901FB83EA834991D5
:10A9E0005991C40FD51FEC17FD0761F48081918147
:10A9F0000296840F951FE901998388838281938150
:10AA00009B838A83F0E0E0E012968D919C911397EE
:10AA10000097B9F52D913C911197CD010296820FC7
:10AA2000931F2091E10B3091E20B2817390739F67B
:10AA3000309751F51092E40B1092E30BB093E20BB8
:10AA4000A093E10BBCCFD383C28340815181840F9B
:10AA5000951FC817D90761F44E5F5F4F88819981B0
:10AA6000480F591F518340838A819B81938382833E
:10AA70002115310509F0B0CFF093E40BE093E30B1F
:10AA80009ECFFD01DC01C0CF13821282D7CFFB0124
:10AA9000DC0102C001900D9241505040D8F708955A
:10AAA000DC0101C06D9341505040E0F70895F894E7
:02AAB000FFCFD6
:10AAB20018001E0022002A003300000000000000DF
:10AAC200A50DA50DA50DA50DA50DA50DA50DA50DF4
:10AAD2006400F40110273075102788136400E8031E
:10AAE2000000E50B80005E00BC0077010000000062
:10AAF200A309A60D44090B0A750953096709000049
:10AB02000000410F360F520F54046A08170F080F46
:10AB120000000000F3122524272629282B2A2C2E98
:10AB22002D2F446973706574636865722073746F46
:10AB320070004E6F20666C6F7720746F20726561B3
:10AB420063746F72004E6F20666C6F772066726F4F
:10AB52006D2072656163746F7200536D617274204F
:10AB620073746F7020636F6D706C657465640054EC
:10AB7200424331206973206F66660054424820695F
:10AB820073206F6666000D0A006E616E00696E6664
:10AB9200006F76660046726F6D20636F6D6D616E39
:10ABA2006400496E69740054616E6B3120697320D0
:10ABB20066756C6C0054616E6B3220697320667529
:10ABC2006C6C0043616E206E6F742066696C6C2041
:10ABD2007265616B746F72202D2074616E6B31200F
:10ABE200697320656D7074790052656163746F7268
:10ABF2002069732066756C6C0054616E6B3120693C
:08AC02007320656D7074790088
:00000001FF
